id,contrato_id,numero_parcela,valor,data_vencimento,paga,data_pagamento
2205,555,1,333.32,2024-01-20,True,2024-01-17
2206,555,2,691.88,2024-02-19,True,2024-02-18
2207,555,3,260.03,2024-03-20,True,2024-03-18
2208,555,4,962.23,2024-04-19,True,2024-04-15
2209,556,1,227.84,2024-02-13,True,2024-02-10
2210,556,2,489.72,2024-03-14,False,
2211,556,3,225.91,2024-04-13,True,2024-04-10
2212,556,4,497.61,2024-05-13,True,2024-05-08
2213,556,5,493.56,2024-06-12,True,2024-06-11
2214,556,6,220.73,2024-07-12,True,2024-07-07
2215,557,1,294.21,2024-02-04,True,2024-02-02
2216,557,2,997.09,2024-03-05,True,2024-03-08
2217,557,3,360.14,2024-04-04,True,2024-04-02
2218,557,4,918.94,2024-05-04,True,2024-05-01
2219,557,5,734.27,2024-06-03,True,2024-05-31
2220,558,1,913.07,2024-01-22,True,2024-01-20
2221,558,2,834.96,2024-02-21,True,2024-02-19
2222,558,3,833.65,2024-03-22,True,2024-03-19
2223,558,4,643.22,2024-04-21,True,2024-04-25
2224,558,5,303.82,2024-05-21,True,2024-05-17
2225,558,6,999.68,2024-06-20,True,2024-06-16
2226,559,1,858.67,2024-04-07,True,2024-04-12
2227,559,2,259.33,2024-05-07,True,2024-05-05
2228,559,3,902.37,2024-06-06,True,2024-06-04
2229,559,4,814.23,2024-07-06,True,2024-07-05
2230,559,5,865.11,2024-08-05,True,2024-08-03
2231,559,6,458.13,2024-09-04,True,2024-08-30
2232,560,1,915.94,2024-04-01,True,2024-03-27
2233,560,2,419.56,2024-05-01,True,2024-04-30
2234,560,3,602.06,2024-05-31,True,2024-06-01
2235,560,4,336.96,2024-06-30,True,2024-07-02
2236,561,1,874.02,2024-04-11,True,2024-04-11
2237,561,2,264.98,2024-05-11,False,
2238,561,3,816.82,2024-06-10,True,2024-06-05
2239,561,4,533.27,2024-07-10,True,2024-07-05
2240,562,1,431.74,2024-03-14,False,
2241,562,2,586.36,2024-04-13,True,2024-04-10
2242,562,3,562.84,2024-05-13,True,2024-05-09
2243,562,4,587.4,2024-06-12,True,2024-06-09
2244,563,1,889.19,2024-01-15,True,2024-01-17
2245,563,2,980.3,2024-02-14,True,2024-02-09
2246,563,3,284.95,2024-03-15,True,2024-03-11
2247,563,4,398.34,2024-04-14,True,2024-04-10
2248,564,1,891.33,2024-02-28,True,2024-02-29
2249,564,2,850.78,2024-03-29,False,
2250,564,3,776.9,2024-04-28,True,2024-04-23
2251,564,4,573.45,2024-05-28,True,2024-05-27
2252,564,5,956.19,2024-06-27,True,2024-06-28
2253,564,6,666.68,2024-07-27,True,2024-07-22
2254,565,1,905.87,2024-01-17,True,2024-01-12
2255,565,2,206.54,2024-02-16,True,2024-02-13
2256,565,3,782.01,2024-03-17,True,2024-03-13
2257,565,4,240.93,2024-04-16,True,2024-04-13
2258,565,5,258.83,2024-05-16,True,2024-05-13
2259,566,1,860.25,2024-02-02,True,2024-01-31
2260,566,2,980.07,2024-03-03,True,2024-02-29
2261,566,3,646.27,2024-04-02,True,2024-03-28
2262,566,4,607.3,2024-05-02,True,2024-04-30
2263,566,5,770.87,2024-06-01,True,2024-05-30
2264,566,6,685.01,2024-07-01,True,2024-06-26
2265,567,1,454.82,2024-02-04,True,2024-02-01
2266,567,2,674.98,2024-03-05,True,2024-03-01
2267,567,3,766.99,2024-04-04,True,2024-04-06
2268,567,4,464.99,2024-05-04,True,2024-05-01
2269,567,5,837.4,2024-06-03,True,2024-06-02
2270,567,6,677.53,2024-07-03,True,2024-06-28
2271,568,1,662.11,2024-03-09,True,2024-03-07
2272,568,2,619.39,2024-04-08,True,2024-04-04
2273,568,3,318.22,2024-05-08,True,2024-05-07
2274,568,4,352.63,2024-06-07,True,2024-06-03
2275,569,1,752.4,2024-03-22,True,2024-03-18
2276,569,2,898.25,2024-04-21,True,2024-04-19
2277,569,3,614.95,2024-05-21,True,2024-05-24
2278,569,4,620.38,2024-06-20,True,2024-06-15
2279,569,5,473.86,2024-07-20,True,2024-07-17
2280,570,1,688.06,2024-03-19,True,2024-03-14
2281,570,2,438.8,2024-04-18,False,
2282,570,3,985.81,2024-05-18,True,2024-05-14
2283,570,4,453.63,2024-06-17,True,2024-06-22
2284,570,5,418.77,2024-07-17,True,2024-07-13
2285,570,6,916.61,2024-08-16,True,2024-08-14
2286,571,1,432.36,2024-01-30,True,2024-01-27
2287,571,2,939.21,2024-02-29,True,2024-02-27
2288,571,3,361.65,2024-03-30,True,2024-04-04
2289,571,4,417.3,2024-04-29,True,2024-04-27
2290,572,1,393.97,2024-03-31,True,2024-03-29
2291,572,2,241.99,2024-04-30,True,2024-04-29
2292,572,3,744.95,2024-05-30,True,2024-05-31
2293,572,4,525.53,2024-06-29,False,
2294,573,1,902.72,2024-03-14,True,2024-03-11
2295,573,2,456.93,2024-04-13,True,2024-04-13
2296,573,3,721.84,2024-05-13,True,2024-05-12
2297,573,4,930.58,2024-06-12,True,2024-06-13
2298,573,5,947.14,2024-07-12,True,2024-07-15
2299,574,1,349.05,2024-02-26,True,2024-02-28
2300,574,2,901.39,2024-03-27,True,2024-03-26
2301,574,3,942.76,2024-04-26,True,2024-04-21
2302,574,4,619.45,2024-05-26,True,2024-05-21
2303,574,5,574.42,2024-06-25,True,2024-06-23
2304,574,6,784.9,2024-07-25,True,2024-07-24
2305,575,1,789.29,2024-04-26,True,2024-04-24
2306,575,2,340.4,2024-05-26,True,2024-05-29
2307,575,3,612.22,2024-06-25,True,2024-06-23
2308,575,4,985.35,2024-07-25,True,2024-07-25
2309,575,5,408.63,2024-08-24,True,2024-08-21
2310,576,1,441.56,2024-01-06,True,2024-01-03
2311,576,2,754.21,2024-02-05,True,2024-02-02
2312,576,3,327.77,2024-03-06,True,2024-03-11
2313,576,4,815.87,2024-04-05,True,2024-04-02
2314,576,5,494.04,2024-05-05,True,2024-05-08
2315,577,1,322.55,2024-04-03,True,2024-03-30
2316,577,2,761.55,2024-05-03,False,
2317,577,3,805.88,2024-06-02,True,2024-06-03
2318,577,4,744.27,2024-07-02,True,2024-06-27
2319,577,5,557.4,2024-08-01,True,2024-07-27
2320,578,1,289.77,2024-02-28,True,2024-02-29
2321,578,2,658.16,2024-03-29,True,2024-03-24
2322,578,3,553.47,2024-04-28,True,2024-04-24
2323,578,4,272.75,2024-05-28,True,2024-05-31
2324,578,5,305.56,2024-06-27,True,2024-06-22
2325,578,6,569.9,2024-07-27,True,2024-07-23
2326,579,1,403.57,2024-02-08,True,2024-02-07
2327,579,2,236.23,2024-03-09,True,2024-03-08
2328,579,3,947.67,2024-04-08,True,2024-04-08
2329,579,4,429.67,2024-05-08,True,2024-05-04
2330,580,1,499.57,2024-04-10,True,2024-04-06
2331,580,2,500.52,2024-05-10,True,2024-05-05
2332,580,3,306.39,2024-06-09,True,2024-06-04
2333,580,4,514.45,2024-07-09,True,2024-07-09
2334,580,5,804.94,2024-08-08,False,
2335,581,1,570.4,2024-01-15,True,2024-01-11
2336,581,2,858.69,2024-02-14,True,2024-02-11
2337,581,3,350.78,2024-03-15,True,2024-03-14
2338,581,4,847.58,2024-04-14,True,2024-04-13
2339,581,5,392.53,2024-05-14,True,2024-05-10
2340,582,1,678.23,2024-01-20,True,2024-01-19
2341,582,2,521.81,2024-02-19,True,2024-02-18
2342,582,3,312.11,2024-03-20,False,
2343,582,4,387.33,2024-04-19,False,
2344,582,5,660.89,2024-05-19,True,2024-05-16
2345,582,6,389.52,2024-06-18,True,2024-06-22
2346,583,1,376.83,2024-04-24,True,2024-04-19
2347,583,2,903.77,2024-05-24,False,
2348,583,3,700.79,2024-06-23,True,2024-06-20
2349,583,4,953.27,2024-07-23,True,2024-07-20
2350,583,5,757.05,2024-08-22,True,2024-08-20
2351,583,6,803.53,2024-09-21,True,2024-09-23
2352,584,1,886.03,2024-03-22,True,2024-03-21
2353,584,2,649.91,2024-04-21,False,
2354,584,3,645.83,2024-05-21,True,2024-05-19
2355,584,4,464.21,2024-06-20,True,2024-06-17
2356,585,1,273.97,2024-02-06,True,2024-02-03
2357,585,2,501.73,2024-03-07,True,2024-03-06
2358,585,3,350.53,2024-04-06,True,2024-04-01
2359,585,4,373.61,2024-05-06,True,2024-05-08
2360,586,1,965.62,2024-01-10,True,2024-01-15
2361,586,2,293.85,2024-02-09,False,
2362,586,3,583.14,2024-03-10,True,2024-03-08
2363,586,4,517.31,2024-04-09,True,2024-04-06
2364,586,5,504.53,2024-05-09,True,2024-05-06
2365,587,1,487.72,2024-04-07,True,2024-04-03
2366,587,2,809.3,2024-05-07,True,2024-05-04
2367,587,3,531.14,2024-06-06,True,2024-06-04
2368,587,4,212.98,2024-07-06,True,2024-07-02
2369,587,5,436.15,2024-08-05,True,2024-07-31
2370,588,1,866.69,2024-01-24,True,2024-01-21
2371,588,2,405.86,2024-02-23,True,2024-02-28
2372,588,3,791.68,2024-03-24,True,2024-03-21
2373,588,4,335.41,2024-04-23,True,2024-04-18
2374,588,5,992.26,2024-05-23,False,
2375,588,6,619.16,2024-06-22,True,2024-06-21
2376,589,1,811.47,2024-02-24,True,2024-02-25
2377,589,2,254.37,2024-03-25,True,2024-03-21
2378,589,3,498.56,2024-04-24,True,2024-04-19
2379,589,4,930.2,2024-05-24,True,2024-05-19
2380,589,5,641.31,2024-06-23,True,2024-06-20
2381,590,1,628.59,2024-01-19,True,2024-01-15
2382,590,2,844.93,2024-02-18,False,
2383,590,3,285.61,2024-03-19,True,2024-03-17
2384,590,4,695.82,2024-04-18,True,2024-04-14
2385,590,5,263.22,2024-05-18,False,
2386,590,6,567.2,2024-06-17,True,2024-06-14
2387,591,1,747.23,2024-03-15,True,2024-03-14
2388,591,2,274.8,2024-04-14,True,2024-04-13
2389,591,3,709.4,2024-05-14,True,2024-05-10
2390,591,4,715.93,2024-06-13,True,2024-06-13
2391,591,5,915.83,2024-07-13,False,
2392,592,1,383.81,2024-04-27,False,
2393,592,2,753.83,2024-05-27,True,2024-05-26
2394,592,3,747.54,2024-06-26,True,2024-06-25
2395,592,4,343.48,2024-07-26,True,2024-07-24
2396,592,5,669.63,2024-08-25,True,2024-08-21
2397,592,6,943.1,2024-09-24,True,2024-09-19
2398,593,1,867.72,2024-04-23,True,2024-04-25
2399,593,2,507.08,2024-05-23,True,2024-05-22
2400,593,3,600.63,2024-06-22,False,
2401,593,4,242.96,2024-07-22,True,2024-07-24
2402,593,5,684.13,2024-08-21,True,2024-08-18
2403,594,1,223.7,2024-02-20,True,2024-02-23
2404,594,2,382.51,2024-03-21,True,2024-03-19
2405,594,3,743.76,2024-04-20,True,2024-04-15
2406,594,4,436.3,2024-05-20,True,2024-05-17
2407,594,5,323.38,2024-06-19,True,2024-06-15
2408,595,1,453.34,2024-03-17,True,2024-03-14
2409,595,2,555.79,2024-04-16,True,2024-04-15
2410,595,3,349.91,2024-05-16,True,2024-05-12
2411,595,4,282.63,2024-06-15,True,2024-06-10
2412,595,5,678.44,2024-07-15,True,2024-07-12
2413,596,1,531.05,2024-02-02,True,2024-01-28
2414,596,2,924.17,2024-03-03,False,
2415,596,3,657.57,2024-04-02,True,2024-03-31
2416,596,4,415.14,2024-05-02,True,2024-04-30
2417,597,1,547.74,2024-01-14,True,2024-01-13
2418,597,2,488.9,2024-02-13,False,
2419,597,3,776.72,2024-03-14,True,2024-03-10
2420,597,4,285.58,2024-04-13,True,2024-04-15
2421,597,5,873.29,2024-05-13,True,2024-05-16
2422,598,1,467.79,2024-01-09,True,2024-01-13
2423,598,2,308.9,2024-02-08,True,2024-02-09
2424,598,3,583.21,2024-03-09,True,2024-03-06
2425,598,4,433.16,2024-04-08,True,2024-04-03
2426,598,5,825.58,2024-05-08,True,2024-05-04
2427,599,1,492.01,2024-03-28,False,
2428,599,2,359.84,2024-04-27,False,
2429,599,3,343.94,2024-05-27,True,2024-05-23
2430,599,4,954.38,2024-06-26,True,2024-06-25
2431,600,1,855.17,2024-02-14,True,2024-02-10
2432,600,2,311.34,2024-03-15,True,2024-03-13
2433,600,3,772.19,2024-04-14,True,2024-04-09
2434,600,4,583.39,2024-05-14,True,2024-05-10
2435,601,1,634.92,2024-01-17,True,2024-01-12
2436,601,2,675.06,2024-02-16,False,
2437,601,3,287.5,2024-03-17,True,2024-03-15
2438,601,4,717.6,2024-04-16,True,2024-04-21
2439,601,5,717.39,2024-05-16,False,
2440,602,1,465.28,2024-02-03,True,2024-02-02
2441,602,2,406.99,2024-03-04,True,2024-02-28
2442,602,3,750.13,2024-04-03,True,2024-03-30
2443,602,4,817.87,2024-05-03,True,2024-04-30
2444,602,5,998.16,2024-06-02,True,2024-06-01
2445,602,6,292.86,2024-07-02,False,
2446,603,1,313.34,2024-02-22,True,2024-02-20
2447,603,2,616.89,2024-03-23,True,2024-03-19
2448,603,3,455.13,2024-04-22,True,2024-04-22
2449,603,4,218.07,2024-05-22,True,2024-05-20
2450,603,5,943.94,2024-06-21,True,2024-06-16
2451,604,1,328.11,2024-02-11,True,2024-02-12
2452,604,2,838.2,2024-03-12,True,2024-03-08
2453,604,3,516.47,2024-04-11,True,2024-04-14
2454,604,4,673.76,2024-05-11,True,2024-05-09
2455,604,5,422.68,2024-06-10,True,2024-06-05
2456,604,6,281.4,2024-07-10,True,2024-07-07
2457,605,1,357.66,2024-03-29,True,2024-03-25
2458,605,2,622.17,2024-04-28,True,2024-04-23
2459,605,3,514.04,2024-05-28,True,2024-05-24
2460,605,4,693.89,2024-06-27,True,2024-06-24
2461,605,5,934.95,2024-07-27,True,2024-07-24
2462,606,1,294.29,2024-04-22,True,2024-04-20
2463,606,2,608.66,2024-05-22,True,2024-05-18
2464,606,3,538.43,2024-06-21,True,2024-06-19
2465,606,4,643.93,2024-07-21,True,2024-07-18
2466,606,5,873.59,2024-08-20,True,2024-08-20
2467,606,6,587.69,2024-09-19,True,2024-09-14
2468,607,1,604.35,2024-01-29,True,2024-01-25
2469,607,2,768.11,2024-02-28,True,2024-02-23
2470,607,3,224.69,2024-03-29,True,2024-03-26
2471,607,4,379.87,2024-04-28,True,2024-04-23
2472,607,5,794.01,2024-05-28,True,2024-05-27
2473,608,1,658.17,2024-04-01,True,2024-03-29
2474,608,2,633.63,2024-05-01,True,2024-04-27
2475,608,3,637.08,2024-05-31,False,
2476,608,4,281.93,2024-06-30,True,2024-06-27
2477,609,1,899.85,2024-04-06,True,2024-04-05
2478,609,2,551.26,2024-05-06,False,
2479,609,3,820.51,2024-06-05,True,2024-06-09
2480,609,4,751.31,2024-07-05,True,2024-07-01
2481,609,5,332.79,2024-08-04,True,2024-08-02
2482,609,6,844.35,2024-09-03,True,2024-08-29
2483,610,1,631.01,2024-05-02,True,2024-04-29
2484,610,2,658.19,2024-06-01,False,
2485,610,3,611.53,2024-07-01,False,
2486,610,4,852.14,2024-07-31,True,2024-07-27
2487,610,5,935.01,2024-08-30,False,
2488,611,1,893.64,2024-03-29,True,2024-03-30
2489,611,2,316.99,2024-04-28,True,2024-04-24
2490,611,3,591.57,2024-05-28,True,2024-05-24
2491,611,4,500.14,2024-06-27,True,2024-06-26
2492,611,5,522.28,2024-07-27,True,2024-07-24
2493,612,1,563.76,2024-01-14,True,2024-01-13
2494,612,2,784.75,2024-02-13,True,2024-02-10
2495,612,3,880.08,2024-03-14,True,2024-03-10
2496,612,4,859.88,2024-04-13,True,2024-04-10
2497,613,1,470.2,2024-03-25,True,2024-03-21
2498,613,2,830.64,2024-04-24,True,2024-04-23
2499,613,3,279.66,2024-05-24,True,2024-05-23
2500,613,4,943.55,2024-06-23,True,2024-06-19
2501,613,5,361.85,2024-07-23,True,2024-07-20
2502,613,6,327.18,2024-08-22,False,
2503,614,1,419.22,2024-03-24,True,2024-03-21
2504,614,2,731.61,2024-04-23,True,2024-04-20
2505,614,3,780.79,2024-05-23,True,2024-05-22
2506,614,4,762.96,2024-06-22,True,2024-06-20
2507,614,5,674.94,2024-07-22,True,2024-07-21
2508,614,6,756.48,2024-08-21,True,2024-08-24
2509,615,1,755.22,2024-01-28,True,2024-01-27
2510,615,2,784.61,2024-02-27,True,2024-02-24
2511,615,3,309.7,2024-03-28,True,2024-03-26
2512,615,4,713.26,2024-04-27,True,2024-04-22
2513,615,5,206.78,2024-05-27,True,2024-05-25
2514,615,6,702.46,2024-06-26,True,2024-06-22
2515,616,1,887.97,2024-03-15,True,2024-03-14
2516,616,2,671.66,2024-04-14,True,2024-04-16
2517,616,3,832.86,2024-05-14,True,2024-05-12
2518,616,4,642.72,2024-06-13,True,2024-06-12
2519,617,1,878.31,2024-04-08,True,2024-04-03
2520,617,2,685.54,2024-05-08,True,2024-05-07
2521,617,3,827.04,2024-06-07,True,2024-06-03
2522,617,4,290.19,2024-07-07,True,2024-07-02
2523,617,5,910.98,2024-08-06,True,2024-08-03
2524,617,6,305.59,2024-09-05,True,2024-09-02
2525,618,1,637.08,2024-03-05,True,2024-03-04
2526,618,2,213.35,2024-04-04,True,2024-04-03
2527,618,3,938.06,2024-05-04,False,
2528,618,4,518.38,2024-06-03,True,2024-05-30
2529,618,5,538.86,2024-07-03,True,2024-06-28
2530,618,6,692.84,2024-08-02,True,2024-07-28
2531,619,1,936.74,2024-02-09,False,
2532,619,2,324.3,2024-03-10,True,2024-03-09
2533,619,3,448.14,2024-04-09,True,2024-04-10
2534,619,4,246.32,2024-05-09,True,2024-05-05
2535,619,5,689.84,2024-06-08,True,2024-06-06
2536,620,1,295.55,2024-04-30,True,2024-04-28
2537,620,2,597.13,2024-05-30,True,2024-05-27
2538,620,3,333.57,2024-06-29,True,2024-06-26
2539,620,4,786.35,2024-07-29,True,2024-07-31
2540,620,5,845.69,2024-08-28,True,2024-08-23
2541,621,1,702.03,2024-04-02,True,2024-04-01
2542,621,2,599.69,2024-05-02,True,2024-04-29
2543,621,3,818.66,2024-06-01,True,2024-05-31
2544,621,4,382.72,2024-07-01,True,2024-06-30
2545,622,1,395.64,2024-02-06,True,2024-02-04
2546,622,2,343.17,2024-03-07,False,
2547,622,3,228.29,2024-04-06,True,2024-04-02
2548,622,4,379.61,2024-05-06,True,2024-05-08
2549,622,5,417.01,2024-06-05,True,2024-05-31
2550,622,6,738.66,2024-07-05,True,2024-06-30
2551,623,1,985.13,2024-02-16,False,
2552,623,2,255.14,2024-03-17,True,2024-03-14
2553,623,3,461.84,2024-04-16,True,2024-04-14
2554,623,4,433.28,2024-05-16,True,2024-05-14
2555,623,5,571.14,2024-06-15,True,2024-06-13
2556,624,1,785.97,2024-04-12,True,2024-04-10
2557,624,2,205.1,2024-05-12,True,2024-05-09
2558,624,3,708.75,2024-06-11,True,2024-06-08
2559,624,4,201.17,2024-07-11,True,2024-07-16
2560,625,1,446.01,2024-01-14,True,2024-01-17
2561,625,2,593.62,2024-02-13,True,2024-02-18
2562,625,3,423.86,2024-03-14,True,2024-03-09
2563,625,4,530.45,2024-04-13,True,2024-04-12
2564,625,5,664.62,2024-05-13,True,2024-05-09
2565,625,6,259.86,2024-06-12,True,2024-06-10
2566,626,1,389.42,2024-02-07,True,2024-02-03
2567,626,2,760.58,2024-03-08,True,2024-03-05
2568,626,3,386.89,2024-04-07,False,
2569,626,4,308.89,2024-05-07,True,2024-05-06
2570,627,1,331.5,2024-01-09,True,2024-01-04
2571,627,2,486.63,2024-02-08,True,2024-02-04
2572,627,3,412.01,2024-03-09,True,2024-03-06
2573,627,4,861.11,2024-04-08,True,2024-04-05
2574,627,5,318.66,2024-05-08,True,2024-05-11
2575,627,6,610.77,2024-06-07,True,2024-06-05
2576,628,1,224.87,2024-02-28,True,2024-02-23
2577,628,2,399.88,2024-03-29,True,2024-03-30
2578,628,3,297.16,2024-04-28,True,2024-04-26
2579,628,4,304.57,2024-05-28,True,2024-05-27
2580,628,5,665.86,2024-06-27,True,2024-06-27
2581,629,1,997.73,2024-01-14,True,2024-01-12
2582,629,2,273.58,2024-02-13,True,2024-02-13
2583,629,3,234.16,2024-03-14,True,2024-03-09
2584,629,4,546.53,2024-04-13,True,2024-04-09
2585,629,5,746.57,2024-05-13,True,2024-05-11
2586,629,6,419.99,2024-06-12,True,2024-06-07
2587,630,1,695.34,2024-05-02,True,2024-04-28
2588,630,2,906.22,2024-06-01,True,2024-05-28
2589,630,3,309.79,2024-07-01,True,2024-07-05
2590,630,4,399.32,2024-07-31,False,
2591,630,5,634.93,2024-08-30,True,2024-08-27
2592,630,6,583.75,2024-09-29,True,2024-09-24
2593,631,1,601.91,2024-05-05,True,2024-05-02
2594,631,2,677.69,2024-06-04,True,2024-06-06
2595,631,3,246.87,2024-07-04,False,
2596,631,4,623.55,2024-08-03,True,2024-08-04
2597,631,5,280.11,2024-09-02,True,2024-09-01
2598,631,6,811.24,2024-10-02,False,
2599,632,1,660.55,2024-04-08,False,
2600,632,2,510.74,2024-05-08,False,
2601,632,3,993.23,2024-06-07,True,2024-06-04
2602,632,4,844.97,2024-07-07,True,2024-07-07
2603,632,5,762.76,2024-08-06,True,2024-08-04
2604,632,6,650.49,2024-09-05,True,2024-09-08
2605,633,1,633.7,2024-02-02,True,2024-02-01
2606,633,2,386.1,2024-03-03,True,2024-03-02
2607,633,3,465.39,2024-04-02,True,2024-04-04
2608,633,4,773.55,2024-05-02,False,
2609,634,1,875.43,2024-03-28,True,2024-03-23
2610,634,2,763.76,2024-04-27,True,2024-04-22
2611,634,3,888.54,2024-05-27,False,
2612,634,4,498.87,2024-06-26,False,
2613,634,5,516.48,2024-07-26,True,2024-07-24
2614,634,6,980.69,2024-08-25,True,2024-08-21
2615,635,1,719.34,2024-03-10,True,2024-03-15
2616,635,2,911.68,2024-04-09,True,2024-04-04
2617,635,3,851.56,2024-05-09,True,2024-05-06
2618,635,4,301.88,2024-06-08,True,2024-06-12
2619,636,1,513.28,2024-02-27,False,
2620,636,2,972.15,2024-03-28,True,2024-03-23
2621,636,3,376.72,2024-04-27,True,2024-04-28
2622,636,4,464.93,2024-05-27,True,2024-05-24
2623,636,5,334.31,2024-06-26,True,2024-06-23
2624,636,6,557.3,2024-07-26,True,2024-07-25
2625,637,1,480.38,2024-04-28,True,2024-04-27
2626,637,2,508.75,2024-05-28,True,2024-05-31
2627,637,3,594.47,2024-06-27,True,2024-06-26
2628,637,4,863.05,2024-07-27,True,2024-07-25
2629,637,5,330.13,2024-08-26,True,2024-08-28
2630,637,6,216.06,2024-09-25,True,2024-09-22
2631,638,1,336.08,2024-05-03,True,2024-04-28
2632,638,2,953.47,2024-06-02,False,
2633,638,3,470.36,2024-07-02,False,
2634,638,4,914.58,2024-08-01,True,2024-07-30
2635,639,1,685.85,2024-02-11,True,2024-02-08
2636,639,2,364.44,2024-03-12,True,2024-03-07
2637,639,3,412.21,2024-04-11,True,2024-04-10
2638,639,4,514.32,2024-05-11,True,2024-05-10
2639,639,5,488.66,2024-06-10,True,2024-06-05
2640,640,1,584.26,2024-01-24,True,2024-01-21
2641,640,2,981.65,2024-02-23,True,2024-02-19
2642,640,3,576.76,2024-03-24,True,2024-03-19
2643,640,4,510.02,2024-04-23,True,2024-04-21
2644,640,5,556.62,2024-05-23,True,2024-05-21
2645,641,1,869.66,2024-03-17,True,2024-03-16
2646,641,2,268.57,2024-04-16,True,2024-04-11
2647,641,3,382.01,2024-05-16,True,2024-05-11
2648,641,4,534.91,2024-06-15,True,2024-06-18
2649,642,1,658.17,2024-04-30,True,2024-04-26
2650,642,2,922.22,2024-05-30,True,2024-05-25
2651,642,3,840.36,2024-06-29,True,2024-06-28
2652,642,4,959.4,2024-07-29,True,2024-07-30
2653,642,5,977.73,2024-08-28,True,2024-08-24
2654,642,6,262.69,2024-09-27,True,2024-09-25
2655,643,1,867.29,2024-02-20,True,2024-02-20
2656,643,2,269.62,2024-03-21,True,2024-03-18
2657,643,3,615.75,2024-04-20,False,
2658,643,4,209.89,2024-05-20,True,2024-05-16
2659,643,5,290.02,2024-06-19,True,2024-06-14
2660,644,1,806.7,2024-02-02,False,
2661,644,2,939.94,2024-03-03,True,2024-02-29
2662,644,3,893.98,2024-04-02,True,2024-04-04
2663,644,4,506.43,2024-05-02,True,2024-05-01
2664,644,5,337.76,2024-06-01,True,2024-05-28
2665,644,6,231.03,2024-07-01,True,2024-06-29
2666,645,1,239.43,2024-01-23,True,2024-01-20
2667,645,2,216.19,2024-02-22,True,2024-02-19
2668,645,3,874.28,2024-03-23,True,2024-03-21
2669,645,4,307.51,2024-04-22,False,
2670,646,1,554.49,2024-01-17,True,2024-01-13
2671,646,2,683.98,2024-02-16,True,2024-02-12
2672,646,3,792.76,2024-03-17,True,2024-03-17
2673,646,4,612.22,2024-04-16,True,2024-04-11
2674,647,1,522.71,2024-04-11,True,2024-04-06
2675,647,2,223.16,2024-05-11,True,2024-05-11
2676,647,3,399.59,2024-06-10,True,2024-06-15
2677,647,4,359.29,2024-07-10,True,2024-07-06
2678,647,5,708.33,2024-08-09,True,2024-08-06
2679,648,1,591.03,2024-01-13,True,2024-01-16
2680,648,2,669.5,2024-02-12,True,2024-02-09
2681,648,3,799.17,2024-03-13,True,2024-03-09
2682,648,4,239.72,2024-04-12,True,2024-04-10
2683,648,5,885.69,2024-05-12,True,2024-05-09
2684,649,1,721.27,2024-03-27,True,2024-04-01
2685,649,2,207.12,2024-04-26,False,
2686,649,3,717.9,2024-05-26,True,2024-05-23
2687,649,4,686.68,2024-06-25,False,
2688,649,5,770.19,2024-07-25,True,2024-07-21
2689,649,6,881.27,2024-08-24,True,2024-08-21
2690,650,1,741.76,2024-01-25,True,2024-01-24
2691,650,2,205.88,2024-02-24,False,
2692,650,3,973.19,2024-03-25,True,2024-03-20
2693,650,4,687.24,2024-04-24,True,2024-04-23
2694,650,5,469.03,2024-05-24,True,2024-05-21
2695,651,1,408.92,2024-04-18,True,2024-04-20
2696,651,2,350.69,2024-05-18,True,2024-05-17
2697,651,3,844.34,2024-06-17,True,2024-06-14
2698,651,4,744.6,2024-07-17,True,2024-07-14
2699,652,1,407.54,2024-04-02,True,2024-04-01
2700,652,2,666.42,2024-05-02,False,
2701,652,3,852.81,2024-06-01,True,2024-05-27
2702,652,4,710.65,2024-07-01,True,2024-07-03
2703,653,1,605.85,2024-02-23,True,2024-02-27
2704,653,2,344.91,2024-03-24,True,2024-03-21
2705,653,3,780.15,2024-04-23,True,2024-04-28
2706,653,4,919.67,2024-05-23,True,2024-05-21
2707,654,1,795.37,2024-02-05,True,2024-02-02
2708,654,2,497.35,2024-03-06,True,2024-03-05
2709,654,3,576.43,2024-04-05,True,2024-03-31
2710,654,4,256.97,2024-05-05,True,2024-05-01
2711,654,5,623.87,2024-06-04,True,2024-06-05
2712,654,6,309.89,2024-07-04,True,2024-06-29
2713,655,1,914.28,2024-03-18,False,
2714,655,2,314.58,2024-04-17,True,2024-04-16
2715,655,3,590.06,2024-05-17,True,2024-05-16
2716,655,4,203.77,2024-06-16,True,2024-06-14
2717,655,5,661.02,2024-07-16,True,2024-07-15
2718,656,1,303.52,2024-04-26,True,2024-04-22
2719,656,2,972.26,2024-05-26,True,2024-05-24
2720,656,3,784.53,2024-06-25,False,
2721,656,4,913.61,2024-07-25,True,2024-07-24
2722,656,5,741.4,2024-08-24,True,2024-08-21
2723,656,6,449.67,2024-09-23,True,2024-09-20
2724,657,1,333.62,2024-04-02,True,2024-03-30
2725,657,2,564.74,2024-05-02,True,2024-04-28
2726,657,3,910.38,2024-06-01,False,
2727,657,4,474.19,2024-07-01,False,
2728,657,5,487.4,2024-07-31,True,2024-08-03
2729,657,6,215.3,2024-08-30,True,2024-08-31
2730,658,1,787.26,2024-04-01,True,2024-03-29
2731,658,2,768.89,2024-05-01,True,2024-04-28
2732,658,3,817.0,2024-05-31,True,2024-05-30
2733,658,4,729.58,2024-06-30,True,2024-06-29
2734,658,5,533.42,2024-07-30,True,2024-07-26
2735,659,1,761.49,2024-04-28,True,2024-04-27
2736,659,2,440.89,2024-05-28,True,2024-05-25
2737,659,3,698.24,2024-06-27,True,2024-06-26
2738,659,4,609.27,2024-07-27,True,2024-07-26
2739,660,1,598.19,2024-04-13,True,2024-04-08
2740,660,2,978.5,2024-05-13,True,2024-05-11
2741,660,3,231.52,2024-06-12,True,2024-06-08
2742,660,4,464.48,2024-07-12,True,2024-07-11
2743,660,5,868.19,2024-08-11,True,2024-08-10
2744,661,1,823.62,2024-04-14,True,2024-04-11
2745,661,2,715.47,2024-05-14,True,2024-05-16
2746,661,3,571.42,2024-06-13,True,2024-06-12
2747,661,4,881.8,2024-07-13,True,2024-07-09
2748,661,5,790.83,2024-08-12,True,2024-08-11
2749,662,1,207.74,2024-02-17,True,2024-02-14
2750,662,2,486.02,2024-03-18,True,2024-03-17
2751,662,3,498.1,2024-04-17,True,2024-04-13
2752,662,4,969.85,2024-05-17,True,2024-05-13
2753,662,5,839.92,2024-06-16,True,2024-06-15
2754,663,1,306.01,2024-01-18,True,2024-01-19
2755,663,2,282.97,2024-02-17,False,
2756,663,3,586.14,2024-03-18,True,2024-03-13
2757,663,4,503.8,2024-04-17,True,2024-04-15
2758,663,5,586.46,2024-05-17,True,2024-05-20
2759,663,6,236.78,2024-06-16,True,2024-06-11
2760,664,1,814.02,2024-03-01,True,2024-02-27
2761,664,2,615.28,2024-03-31,True,2024-03-27
2762,664,3,729.37,2024-04-30,True,2024-04-26
2763,664,4,318.92,2024-05-30,True,2024-06-03
2764,664,5,243.65,2024-06-29,True,2024-06-25
2765,665,1,881.5,2024-01-26,True,2024-01-22
2766,665,2,456.51,2024-02-25,True,2024-02-20
2767,665,3,378.17,2024-03-26,True,2024-03-24
2768,665,4,263.06,2024-04-25,True,2024-04-24
2769,666,1,885.27,2024-03-04,True,2024-02-29
2770,666,2,796.19,2024-04-03,True,2024-04-02
2771,666,3,645.7,2024-05-03,True,2024-04-28
2772,666,4,970.54,2024-06-02,True,2024-06-06
2773,666,5,365.48,2024-07-02,True,2024-07-04
2774,667,1,860.25,2024-04-06,True,2024-04-08
2775,667,2,648.12,2024-05-06,True,2024-05-03
2776,667,3,772.73,2024-06-05,True,2024-06-03
2777,667,4,201.76,2024-07-05,True,2024-07-02
2778,668,1,638.15,2024-02-06,True,2024-02-04
2779,668,2,593.94,2024-03-07,True,2024-03-03
2780,668,3,285.57,2024-04-06,True,2024-04-02
2781,668,4,372.47,2024-05-06,True,2024-05-03
2782,669,1,286.21,2024-03-09,True,2024-03-14
2783,669,2,671.05,2024-04-08,True,2024-04-03
2784,669,3,964.95,2024-05-08,True,2024-05-03
2785,669,4,788.97,2024-06-07,True,2024-06-02
2786,670,1,586.35,2024-04-09,True,2024-04-10
2787,670,2,753.45,2024-05-09,True,2024-05-09
2788,670,3,509.92,2024-06-08,True,2024-06-12
2789,670,4,905.11,2024-07-08,True,2024-07-06
2790,670,5,418.88,2024-08-07,False,
2791,670,6,976.39,2024-09-06,True,2024-09-02
2792,671,1,682.02,2024-01-27,True,2024-01-22
2793,671,2,888.57,2024-02-26,True,2024-03-02
2794,671,3,373.87,2024-03-27,True,2024-03-24
2795,671,4,936.95,2024-04-26,True,2024-04-24
2796,671,5,603.11,2024-05-26,True,2024-05-25
2797,671,6,808.62,2024-06-25,True,2024-06-21
2798,672,1,739.39,2024-03-12,True,2024-03-08
2799,672,2,846.64,2024-04-11,True,2024-04-09
2800,672,3,242.45,2024-05-11,True,2024-05-09
2801,672,4,986.83,2024-06-10,True,2024-06-09
2802,672,5,752.48,2024-07-10,True,2024-07-09
2803,672,6,486.95,2024-08-09,True,2024-08-04
2804,673,1,891.87,2024-05-04,True,2024-05-02
2805,673,2,608.74,2024-06-03,True,2024-06-02
2806,673,3,941.19,2024-07-03,True,2024-07-08
2807,673,4,450.12,2024-08-02,True,2024-07-30
2808,673,5,362.47,2024-09-01,True,2024-09-04
2809,674,1,863.99,2024-04-25,False,
2810,674,2,763.7,2024-05-25,True,2024-05-20
2811,674,3,790.76,2024-06-24,True,2024-06-22
2812,674,4,435.34,2024-07-24,True,2024-07-22
2813,674,5,969.98,2024-08-23,True,2024-08-22
2814,674,6,542.81,2024-09-22,True,2024-09-17
2815,675,1,876.81,2024-03-26,True,2024-03-24
2816,675,2,231.95,2024-04-25,False,
2817,675,3,677.5,2024-05-25,True,2024-05-22
2818,675,4,592.44,2024-06-24,True,2024-06-21
2819,675,5,620.32,2024-07-24,False,
2820,676,1,616.49,2024-04-23,True,2024-04-18
2821,676,2,629.63,2024-05-23,True,2024-05-21
2822,676,3,730.67,2024-06-22,True,2024-06-17
2823,676,4,624.4,2024-07-22,False,
2824,677,1,858.95,2024-02-01,False,
2825,677,2,207.04,2024-03-02,True,2024-02-26
2826,677,3,934.89,2024-04-01,True,2024-03-29
2827,677,4,505.1,2024-05-01,True,2024-04-28
2828,677,5,632.19,2024-05-31,True,2024-06-02
2829,678,1,611.45,2024-02-22,True,2024-02-19
2830,678,2,918.63,2024-03-23,True,2024-03-22
2831,678,3,333.92,2024-04-22,False,
2832,678,4,630.38,2024-05-22,True,2024-05-20
2833,679,1,891.96,2024-04-12,True,2024-04-07
2834,679,2,863.0,2024-05-12,True,2024-05-08
2835,679,3,717.25,2024-06-11,False,
2836,679,4,797.51,2024-07-11,True,2024-07-08
2837,679,5,230.31,2024-08-10,True,2024-08-07
2838,680,1,646.47,2024-01-28,True,2024-01-25
2839,680,2,526.11,2024-02-27,True,2024-02-24
2840,680,3,213.51,2024-03-28,True,2024-03-23
2841,680,4,250.59,2024-04-27,True,2024-04-26
2842,680,5,486.16,2024-05-27,True,2024-05-24
2843,680,6,685.25,2024-06-26,True,2024-06-29
2844,681,1,516.09,2024-04-14,True,2024-04-09
2845,681,2,375.89,2024-05-14,True,2024-05-09
2846,681,3,435.98,2024-06-13,True,2024-06-10
2847,681,4,965.91,2024-07-13,True,2024-07-14
2848,682,1,298.59,2024-05-02,True,2024-04-27
2849,682,2,638.02,2024-06-01,True,2024-05-29
2850,682,3,369.39,2024-07-01,False,
2851,682,4,881.17,2024-07-31,True,2024-07-26
2852,682,5,867.8,2024-08-30,True,2024-08-25
2853,683,1,881.8,2024-04-30,True,2024-05-04
2854,683,2,569.01,2024-05-30,True,2024-05-29
2855,683,3,400.55,2024-06-29,True,2024-06-26
2856,683,4,485.71,2024-07-29,True,2024-07-26
2857,683,5,695.61,2024-08-28,False,
2858,684,1,454.23,2024-01-03,True,2023-12-31
2859,684,2,754.77,2024-02-02,True,2024-01-30
2860,684,3,966.93,2024-03-03,True,2024-03-01
2861,684,4,769.76,2024-04-02,True,2024-03-30
2862,684,5,307.44,2024-05-02,True,2024-05-05
2863,684,6,556.29,2024-06-01,True,2024-05-31
2864,685,1,340.62,2024-03-19,True,2024-03-20
2865,685,2,913.04,2024-04-18,True,2024-04-17
2866,685,3,781.94,2024-05-18,True,2024-05-23
2867,685,4,224.96,2024-06-17,True,2024-06-12
2868,685,5,370.21,2024-07-17,True,2024-07-12
2869,685,6,577.68,2024-08-16,True,2024-08-14
2870,686,1,913.15,2024-02-16,True,2024-02-17
2871,686,2,571.76,2024-03-17,True,2024-03-12
2872,686,3,208.47,2024-04-16,True,2024-04-20
2873,686,4,747.33,2024-05-16,True,2024-05-14
2874,686,5,343.32,2024-06-15,False,
2875,686,6,727.53,2024-07-15,False,
2876,687,1,788.74,2024-03-07,True,2024-03-05
2877,687,2,809.18,2024-04-06,True,2024-04-04
2878,687,3,234.25,2024-05-06,True,2024-05-08
2879,687,4,510.47,2024-06-05,False,
2880,687,5,905.24,2024-07-05,True,2024-07-04
2881,688,1,762.99,2024-01-08,True,2024-01-13
2882,688,2,410.65,2024-02-07,True,2024-02-03
2883,688,3,492.24,2024-03-08,True,2024-03-12
2884,688,4,401.27,2024-04-07,False,
2885,688,5,378.32,2024-05-07,True,2024-05-09
2886,688,6,589.49,2024-06-06,True,2024-06-01
2887,689,1,905.63,2024-05-06,True,2024-05-01
2888,689,2,714.78,2024-06-05,True,2024-06-02
2889,689,3,681.62,2024-07-05,True,2024-07-01
2890,689,4,848.94,2024-08-04,True,2024-07-31
2891,689,5,583.22,2024-09-03,True,2024-08-30
2892,690,1,217.96,2024-02-23,True,2024-02-21
2893,690,2,307.78,2024-03-24,True,2024-03-25
2894,690,3,244.73,2024-04-23,True,2024-04-19
2895,690,4,679.49,2024-05-23,True,2024-05-20
2896,690,5,957.8,2024-06-22,True,2024-06-18
2897,690,6,893.84,2024-07-22,True,2024-07-26
2898,691,1,314.17,2024-04-19,True,2024-04-14
2899,691,2,727.72,2024-05-19,True,2024-05-16
2900,691,3,937.88,2024-06-18,True,2024-06-14
2901,691,4,508.37,2024-07-18,True,2024-07-13
2902,691,5,747.49,2024-08-17,True,2024-08-15
2903,692,1,580.7,2024-02-16,True,2024-02-11
2904,692,2,602.66,2024-03-17,True,2024-03-15
2905,692,3,921.59,2024-04-16,True,2024-04-12
2906,692,4,617.64,2024-05-16,True,2024-05-11
2907,693,1,543.17,2024-02-03,False,
2908,693,2,585.7,2024-03-04,True,2024-02-28
2909,693,3,278.17,2024-04-03,True,2024-04-01
2910,693,4,928.07,2024-05-03,True,2024-04-28
2911,693,5,526.92,2024-06-02,True,2024-06-01
2912,693,6,662.39,2024-07-02,True,2024-06-30
2913,694,1,750.21,2024-01-11,True,2024-01-09
2914,694,2,540.86,2024-02-10,True,2024-02-05
2915,694,3,538.85,2024-03-11,True,2024-03-07
2916,694,4,803.98,2024-04-10,True,2024-04-06
2917,695,1,342.98,2024-02-07,True,2024-02-04
2918,695,2,662.12,2024-03-08,True,2024-03-06
2919,695,3,884.0,2024-04-07,True,2024-04-03
2920,695,4,826.49,2024-05-07,False,
2921,695,5,280.22,2024-06-06,True,2024-06-01
2922,696,1,691.22,2024-04-26,True,2024-04-22
2923,696,2,971.66,2024-05-26,True,2024-05-24
2924,696,3,577.33,2024-06-25,True,2024-06-22
2925,696,4,377.42,2024-07-25,True,2024-07-21
2926,697,1,944.55,2024-03-20,True,2024-03-17
2927,697,2,769.28,2024-04-19,True,2024-04-20
2928,697,3,712.23,2024-05-19,True,2024-05-14
2929,697,4,428.81,2024-06-18,True,2024-06-13
2930,697,5,758.76,2024-07-18,True,2024-07-15
2931,697,6,391.41,2024-08-17,True,2024-08-14
2932,698,1,823.74,2024-01-18,True,2024-01-13
2933,698,2,360.25,2024-02-17,True,2024-02-16
2934,698,3,639.67,2024-03-18,True,2024-03-13
2935,698,4,478.48,2024-04-17,False,
2936,698,5,421.21,2024-05-17,True,2024-05-13
2937,698,6,659.93,2024-06-16,True,2024-06-15
2938,699,1,646.9,2024-01-18,True,2024-01-17
2939,699,2,842.35,2024-02-17,False,
2940,699,3,900.89,2024-03-18,True,2024-03-14
2941,699,4,972.84,2024-04-17,True,2024-04-14
2942,699,5,968.99,2024-05-17,True,2024-05-12
2943,700,1,889.62,2024-04-11,True,2024-04-07
2944,700,2,706.93,2024-05-11,False,
2945,700,3,741.53,2024-06-10,True,2024-06-07
2946,700,4,613.2,2024-07-10,True,2024-07-11
2947,700,5,429.83,2024-08-09,True,2024-08-06
2948,700,6,260.82,2024-09-08,False,
2949,701,1,581.24,2024-03-09,True,2024-03-11
2950,701,2,346.23,2024-04-08,True,2024-04-09
2951,701,3,599.2,2024-05-08,True,2024-05-05
2952,701,4,365.42,2024-06-07,True,2024-06-02
2953,702,1,484.82,2024-04-20,True,2024-04-19
2954,702,2,740.65,2024-05-20,True,2024-05-15
2955,702,3,966.39,2024-06-19,True,2024-06-16
2956,702,4,593.87,2024-07-19,False,
2957,702,5,917.6,2024-08-18,True,2024-08-13
2958,702,6,424.21,2024-09-17,True,2024-09-16
2959,703,1,620.59,2024-01-16,True,2024-01-16
2960,703,2,601.98,2024-02-15,True,2024-02-13
2961,703,3,565.76,2024-03-16,True,2024-03-13
2962,703,4,751.37,2024-04-15,True,2024-04-10
2963,704,1,280.6,2024-03-15,True,2024-03-16
2964,704,2,638.85,2024-04-14,True,2024-04-09
2965,704,3,474.48,2024-05-14,True,2024-05-10
2966,704,4,760.57,2024-06-13,True,2024-06-15
2967,704,5,560.58,2024-07-13,True,2024-07-18
2968,704,6,382.85,2024-08-12,True,2024-08-10
2969,705,1,644.27,2024-01-24,True,2024-01-22
2970,705,2,578.39,2024-02-23,True,2024-02-21
2971,705,3,996.45,2024-03-24,True,2024-03-21
2972,705,4,828.27,2024-04-23,True,2024-04-18
2973,705,5,238.17,2024-05-23,True,2024-05-21
2974,706,1,851.05,2024-03-17,True,2024-03-13
2975,706,2,795.67,2024-04-16,True,2024-04-11
2976,706,3,945.48,2024-05-16,True,2024-05-15
2977,706,4,480.87,2024-06-15,True,2024-06-10
2978,706,5,660.72,2024-07-15,True,2024-07-12
2979,706,6,484.09,2024-08-14,True,2024-08-10
2980,707,1,911.71,2024-01-28,True,2024-01-26
2981,707,2,894.61,2024-02-27,True,2024-03-01
2982,707,3,705.02,2024-03-28,True,2024-03-28
2983,707,4,263.29,2024-04-27,True,2024-04-24
2984,707,5,768.35,2024-05-27,True,2024-05-23
2985,708,1,824.78,2024-04-26,False,
2986,708,2,798.32,2024-05-26,True,2024-05-24
2987,708,3,347.11,2024-06-25,True,2024-06-22
2988,708,4,952.35,2024-07-25,True,2024-07-23
2989,708,5,517.64,2024-08-24,True,2024-08-27
2990,708,6,638.75,2024-09-23,True,2024-09-22
2991,709,1,283.14,2024-03-24,True,2024-03-20
2992,709,2,447.5,2024-04-23,True,2024-04-21
2993,709,3,305.02,2024-05-23,True,2024-05-20
2994,709,4,888.3,2024-06-22,True,2024-06-17
2995,709,5,947.89,2024-07-22,True,2024-07-17
2996,710,1,341.63,2024-03-02,True,2024-02-26
2997,710,2,547.98,2024-04-01,True,2024-03-29
2998,710,3,585.32,2024-05-01,True,2024-04-28
2999,710,4,492.63,2024-05-31,True,2024-05-30
3000,711,1,618.65,2024-02-02,True,2024-01-30
3001,711,2,575.36,2024-03-03,True,2024-03-06
3002,711,3,439.69,2024-04-02,True,2024-03-28
3003,711,4,384.97,2024-05-02,True,2024-04-28
3004,712,1,905.73,2024-03-13,True,2024-03-09
3005,712,2,862.74,2024-04-12,True,2024-04-10
3006,712,3,613.29,2024-05-12,True,2024-05-09
3007,712,4,427.74,2024-06-11,True,2024-06-14
3008,713,1,350.4,2024-04-10,True,2024-04-09
3009,713,2,709.51,2024-05-10,True,2024-05-05
3010,713,3,593.6,2024-06-09,True,2024-06-04
3011,713,4,217.7,2024-07-09,False,
3012,714,1,425.69,2024-04-04,True,2024-04-03
3013,714,2,386.25,2024-05-04,True,2024-05-01
3014,714,3,536.19,2024-06-03,True,2024-05-31
3015,714,4,570.95,2024-07-03,True,2024-07-01
3016,714,5,244.83,2024-08-02,True,2024-07-29
3017,715,1,345.28,2024-02-02,True,2024-01-29
3018,715,2,862.6,2024-03-03,True,2024-03-01
3019,715,3,507.84,2024-04-02,False,
3020,715,4,397.73,2024-05-02,False,
3021,715,5,359.34,2024-06-01,True,2024-05-30
3022,716,1,578.26,2024-02-26,True,2024-02-23
3023,716,2,326.89,2024-03-27,True,2024-03-22
3024,716,3,616.74,2024-04-26,True,2024-04-24
3025,716,4,488.34,2024-05-26,True,2024-05-25
3026,717,1,388.77,2024-04-01,True,2024-03-29
3027,717,2,667.76,2024-05-01,True,2024-04-30
3028,717,3,664.86,2024-05-31,True,2024-05-29
3029,717,4,497.12,2024-06-30,True,2024-06-29
3030,718,1,748.76,2024-03-29,True,2024-04-03
3031,718,2,248.04,2024-04-28,True,2024-04-23
3032,718,3,833.17,2024-05-28,True,2024-05-23
3033,718,4,830.85,2024-06-27,True,2024-06-30
3034,719,1,786.55,2024-02-21,True,2024-02-19
3035,719,2,400.56,2024-03-22,True,2024-03-17
3036,719,3,435.77,2024-04-21,True,2024-04-19
3037,719,4,634.9,2024-05-21,True,2024-05-16
3038,719,5,931.58,2024-06-20,True,2024-06-18
3039,719,6,559.51,2024-07-20,True,2024-07-16
3040,720,1,200.58,2024-03-02,True,2024-02-29
3041,720,2,906.35,2024-04-01,True,2024-03-27
3042,720,3,391.03,2024-05-01,True,2024-04-26
3043,720,4,855.24,2024-05-31,True,2024-05-26
3044,721,1,323.31,2024-04-30,True,2024-04-27
3045,721,2,288.37,2024-05-30,True,2024-05-28
3046,721,3,342.91,2024-06-29,True,2024-06-27
3047,721,4,279.0,2024-07-29,True,2024-08-03
3048,721,5,591.93,2024-08-28,True,2024-08-27
3049,722,1,493.08,2024-03-11,True,2024-03-09
3050,722,2,724.6,2024-04-10,False,
3051,722,3,865.66,2024-05-10,True,2024-05-07
3052,722,4,646.42,2024-06-09,False,
3053,722,5,532.76,2024-07-09,True,2024-07-04
3054,723,1,412.65,2024-03-02,True,2024-02-28
3055,723,2,262.35,2024-04-01,True,2024-03-31
3056,723,3,780.14,2024-05-01,True,2024-04-26
3057,723,4,725.5,2024-05-31,True,2024-06-04
3058,723,5,799.36,2024-06-30,True,2024-06-25
3059,724,1,486.37,2024-01-21,True,2024-01-20
3060,724,2,333.45,2024-02-20,True,2024-02-17
3061,724,3,726.03,2024-03-21,True,2024-03-18
3062,724,4,921.99,2024-04-20,True,2024-04-22
3063,724,5,529.87,2024-05-20,True,2024-05-22
3064,724,6,686.73,2024-06-19,True,2024-06-14
3065,725,1,940.92,2024-02-09,True,2024-02-12
3066,725,2,967.86,2024-03-10,True,2024-03-07
3067,725,3,676.61,2024-04-09,True,2024-04-11
3068,725,4,205.26,2024-05-09,False,
3069,725,5,371.86,2024-06-08,True,2024-06-05
3070,725,6,935.29,2024-07-08,True,2024-07-03
3071,726,1,323.77,2024-02-02,True,2024-01-31
3072,726,2,411.99,2024-03-03,True,2024-02-29
3073,726,3,848.86,2024-04-02,True,2024-03-31
3074,726,4,787.41,2024-05-02,True,2024-04-30
3075,726,5,590.62,2024-06-01,True,2024-05-31
3076,726,6,676.18,2024-07-01,True,2024-06-26
3077,727,1,505.24,2024-01-13,True,2024-01-15
3078,727,2,478.34,2024-02-12,True,2024-02-11
3079,727,3,895.83,2024-03-13,True,2024-03-08
3080,727,4,942.92,2024-04-12,True,2024-04-11
3081,727,5,443.83,2024-05-12,True,2024-05-10
3082,727,6,461.47,2024-06-11,True,2024-06-07
3083,728,1,976.83,2024-02-17,True,2024-02-16
3084,728,2,377.67,2024-03-18,True,2024-03-16
3085,728,3,468.93,2024-04-17,True,2024-04-12
3086,728,4,519.35,2024-05-17,True,2024-05-15
3087,728,5,809.63,2024-06-16,True,2024-06-12
3088,729,1,721.8,2024-03-19,True,2024-03-14
3089,729,2,397.0,2024-04-18,True,2024-04-15
3090,729,3,747.79,2024-05-18,True,2024-05-14
3091,729,4,538.83,2024-06-17,True,2024-06-12
3092,729,5,724.33,2024-07-17,True,2024-07-14
3093,729,6,692.98,2024-08-16,False,
3094,730,1,553.77,2024-03-23,True,2024-03-21
3095,730,2,359.75,2024-04-22,True,2024-04-21
3096,730,3,289.9,2024-05-22,True,2024-05-23
3097,730,4,895.0,2024-06-21,True,2024-06-20
3098,730,5,444.09,2024-07-21,True,2024-07-16
3099,730,6,369.5,2024-08-20,True,2024-08-15
3100,731,1,586.42,2024-02-02,True,2024-02-01
3101,731,2,501.29,2024-03-03,False,
3102,731,3,621.44,2024-04-02,True,2024-03-31
3103,731,4,831.35,2024-05-02,True,2024-05-01
3104,731,5,253.28,2024-06-01,True,2024-05-29
3105,731,6,891.43,2024-07-01,True,2024-07-06
3106,732,1,509.22,2024-01-06,False,
3107,732,2,606.83,2024-02-05,True,2024-02-08
3108,732,3,893.42,2024-03-06,True,2024-03-01
3109,732,4,973.43,2024-04-05,True,2024-04-04
3110,733,1,397.91,2024-01-13,True,2024-01-09
3111,733,2,795.51,2024-02-12,True,2024-02-09
3112,733,3,700.18,2024-03-13,True,2024-03-17
3113,733,4,420.7,2024-04-12,True,2024-04-08
3114,733,5,912.32,2024-05-12,True,2024-05-07
3115,734,1,959.29,2024-03-26,True,2024-03-22
3116,734,2,725.55,2024-04-25,True,2024-04-20
3117,734,3,898.16,2024-05-25,True,2024-05-20
3118,734,4,322.2,2024-06-24,False,
3119,734,5,927.79,2024-07-24,True,2024-07-22
3120,734,6,721.98,2024-08-23,True,2024-08-21
3121,735,1,890.07,2024-01-14,True,2024-01-09
3122,735,2,927.65,2024-02-13,True,2024-02-14
3123,735,3,724.99,2024-03-14,True,2024-03-13
3124,735,4,645.87,2024-04-13,False,
3125,736,1,294.71,2024-02-04,True,2024-02-09
3126,736,2,223.59,2024-03-05,True,2024-03-08
3127,736,3,442.68,2024-04-04,True,2024-04-09
3128,736,4,946.6,2024-05-04,True,2024-05-03
3129,736,5,305.24,2024-06-03,True,2024-06-07
3130,737,1,413.49,2024-01-16,True,2024-01-14
3131,737,2,384.73,2024-02-15,True,2024-02-11
3132,737,3,307.27,2024-03-16,True,2024-03-13
3133,737,4,347.18,2024-04-15,True,2024-04-13
3134,737,5,354.61,2024-05-15,True,2024-05-14
3135,737,6,940.35,2024-06-14,False,
3136,738,1,378.04,2024-01-11,True,2024-01-09
3137,738,2,252.91,2024-02-10,False,
3138,738,3,988.5,2024-03-11,True,2024-03-08
3139,738,4,893.42,2024-04-10,True,2024-04-09
3140,738,5,686.34,2024-05-10,True,2024-05-06
3141,739,1,689.2,2024-04-26,True,2024-04-21
3142,739,2,713.12,2024-05-26,True,2024-05-25
3143,739,3,561.29,2024-06-25,True,2024-06-23
3144,739,4,614.96,2024-07-25,True,2024-07-20
3145,739,5,509.92,2024-08-24,True,2024-08-25
3146,740,1,432.94,2024-03-10,True,2024-03-07
3147,740,2,569.08,2024-04-09,True,2024-04-08
3148,740,3,751.96,2024-05-09,False,
3149,740,4,570.86,2024-06-08,True,2024-06-03
3150,741,1,290.54,2024-02-03,True,2024-02-08
3151,741,2,637.13,2024-03-04,True,2024-03-03
3152,741,3,343.1,2024-04-03,True,2024-04-01
3153,741,4,906.04,2024-05-03,True,2024-05-01
3154,741,5,774.7,2024-06-02,True,2024-05-29
3155,741,6,707.26,2024-07-02,True,2024-06-27
3156,742,1,689.66,2024-02-10,True,2024-02-09
3157,742,2,814.61,2024-03-11,False,
3158,742,3,652.39,2024-04-10,True,2024-04-08
3159,742,4,343.09,2024-05-10,True,2024-05-07
3160,742,5,784.13,2024-06-09,False,
3161,743,1,431.02,2024-04-01,True,2024-04-02
3162,743,2,202.83,2024-05-01,True,2024-04-27
3163,743,3,884.33,2024-05-31,True,2024-05-27
3164,743,4,390.3,2024-06-30,True,2024-06-26
3165,744,1,553.5,2024-03-10,True,2024-03-05
3166,744,2,422.49,2024-04-09,True,2024-04-10
3167,744,3,239.14,2024-05-09,True,2024-05-08
3168,744,4,316.3,2024-06-08,True,2024-06-03
3169,744,5,438.75,2024-07-08,False,
3170,745,1,239.23,2024-02-01,True,2024-01-29
3171,745,2,688.87,2024-03-02,True,2024-02-26
3172,745,3,341.94,2024-04-01,True,2024-03-31
3173,745,4,274.5,2024-05-01,True,2024-04-27
3174,745,5,856.21,2024-05-31,True,2024-05-31
3175,746,1,434.27,2024-03-17,True,2024-03-14
3176,746,2,463.37,2024-04-16,True,2024-04-14
3177,746,3,689.64,2024-05-16,True,2024-05-11
3178,746,4,989.75,2024-06-15,True,2024-06-12
3179,747,1,541.64,2024-01-23,True,2024-01-18
3180,747,2,996.02,2024-02-22,True,2024-02-17
3181,747,3,597.12,2024-03-23,True,2024-03-21
3182,747,4,906.93,2024-04-22,True,2024-04-20
3183,747,5,201.26,2024-05-22,True,2024-05-21
3184,748,1,789.97,2024-05-06,True,2024-05-02
3185,748,2,531.23,2024-06-05,True,2024-06-03
3186,748,3,209.04,2024-07-05,True,2024-07-04
3187,748,4,446.22,2024-08-04,True,2024-08-03
3188,749,1,291.07,2024-04-25,True,2024-04-20
3189,749,2,692.79,2024-05-25,True,2024-05-22
3190,749,3,867.06,2024-06-24,False,
3191,749,4,583.29,2024-07-24,True,2024-07-22
3192,749,5,585.2,2024-08-23,True,2024-08-27
3193,749,6,916.74,2024-09-22,True,2024-09-27
3194,750,1,244.82,2024-03-20,True,2024-03-17
3195,750,2,644.14,2024-04-19,True,2024-04-16
3196,750,3,839.63,2024-05-19,True,2024-05-17
3197,750,4,424.37,2024-06-18,True,2024-06-23
3198,750,5,627.42,2024-07-18,True,2024-07-16
3199,751,1,676.15,2024-03-05,True,2024-03-02
3200,751,2,767.87,2024-04-04,True,2024-04-02
3201,751,3,497.27,2024-05-04,True,2024-04-29
3202,751,4,441.85,2024-06-03,True,2024-06-01
3203,751,5,930.68,2024-07-03,True,2024-06-29
3204,751,6,923.96,2024-08-02,True,2024-07-29
3205,752,1,785.95,2024-02-07,True,2024-02-05
3206,752,2,815.59,2024-03-08,True,2024-03-12
3207,752,3,741.37,2024-04-07,True,2024-04-03
3208,752,4,510.07,2024-05-07,True,2024-05-04
3209,752,5,945.87,2024-06-06,True,2024-06-05
3210,752,6,466.63,2024-07-06,True,2024-07-03
3211,753,1,217.98,2024-02-27,True,2024-02-25
3212,753,2,456.7,2024-03-28,True,2024-03-25
3213,753,3,818.23,2024-04-27,True,2024-04-25
3214,753,4,418.91,2024-05-27,True,2024-05-22
3215,753,5,281.9,2024-06-26,True,2024-06-23
3216,754,1,313.25,2024-02-01,True,2024-01-30
3217,754,2,337.02,2024-03-02,True,2024-03-06
3218,754,3,554.92,2024-04-01,True,2024-03-31
3219,754,4,284.74,2024-05-01,True,2024-04-29
3220,755,1,763.74,2024-04-01,True,2024-03-28
3221,755,2,693.05,2024-05-01,True,2024-05-06
3222,755,3,806.72,2024-05-31,True,2024-05-27
3223,755,4,654.23,2024-06-30,True,2024-07-05
3224,755,5,574.62,2024-07-30,True,2024-07-26
3225,756,1,576.44,2024-03-03,False,
3226,756,2,314.98,2024-04-02,True,2024-03-30
3227,756,3,513.66,2024-05-02,True,2024-04-29
3228,756,4,562.63,2024-06-01,True,2024-05-29
3229,756,5,582.92,2024-07-01,True,2024-06-28
3230,757,1,683.55,2024-02-18,True,2024-02-17
3231,757,2,460.7,2024-03-19,True,2024-03-14
3232,757,3,568.78,2024-04-18,True,2024-04-16
3233,757,4,638.36,2024-05-18,False,
3234,758,1,507.05,2024-02-28,True,2024-03-03
3235,758,2,544.92,2024-03-29,False,
3236,758,3,653.77,2024-04-28,True,2024-04-26
3237,758,4,730.09,2024-05-28,True,2024-06-01
3238,759,1,869.4,2024-03-05,True,2024-03-02
3239,759,2,644.07,2024-04-04,True,2024-03-31
3240,759,3,255.69,2024-05-04,True,2024-05-07
3241,759,4,461.93,2024-06-03,True,2024-06-01
3242,759,5,853.63,2024-07-03,True,2024-07-08
3243,760,1,847.87,2024-04-24,True,2024-04-20
3244,760,2,625.0,2024-05-24,True,2024-05-22
3245,760,3,364.53,2024-06-23,True,2024-06-20
3246,760,4,934.8,2024-07-23,False,
3247,761,1,774.23,2024-04-10,False,
3248,761,2,992.23,2024-05-10,True,2024-05-05
3249,761,3,523.36,2024-06-09,True,2024-06-06
3250,761,4,920.86,2024-07-09,False,
3251,761,5,200.67,2024-08-08,True,2024-08-08
3252,761,6,889.0,2024-09-07,True,2024-09-02
3253,762,1,515.41,2024-01-14,True,2024-01-10
3254,762,2,548.15,2024-02-13,True,2024-02-11
3255,762,3,350.58,2024-03-14,True,2024-03-17
3256,762,4,323.41,2024-04-13,False,
3257,763,1,736.05,2024-03-30,True,2024-03-29
3258,763,2,315.2,2024-04-29,True,2024-04-27
3259,763,3,267.73,2024-05-29,True,2024-05-25
3260,763,4,914.87,2024-06-28,True,2024-07-02
3261,763,5,343.84,2024-07-28,True,2024-07-24
3262,763,6,507.77,2024-08-27,True,2024-08-26
3263,764,1,662.35,2024-03-29,True,2024-03-24
3264,764,2,415.4,2024-04-28,False,
3265,764,3,661.08,2024-05-28,True,2024-05-24
3266,764,4,763.91,2024-06-27,True,2024-06-26
3267,764,5,313.67,2024-07-27,True,2024-07-29
3268,764,6,571.95,2024-08-26,True,2024-08-26
3269,765,1,396.19,2024-01-17,True,2024-01-16
3270,765,2,747.26,2024-02-16,True,2024-02-11
3271,765,3,242.22,2024-03-17,True,2024-03-13
3272,765,4,563.23,2024-04-16,False,
3273,765,5,659.17,2024-05-16,True,2024-05-13
3274,765,6,431.37,2024-06-15,True,2024-06-20
3275,766,1,443.26,2024-01-13,True,2024-01-09
3276,766,2,662.51,2024-02-12,True,2024-02-09
3277,766,3,847.12,2024-03-13,True,2024-03-12
3278,766,4,301.46,2024-04-12,True,2024-04-09
3279,767,1,306.03,2024-02-26,True,2024-02-26
3280,767,2,793.14,2024-03-27,True,2024-04-01
3281,767,3,320.91,2024-04-26,True,2024-04-28
3282,767,4,826.02,2024-05-26,True,2024-05-21
3283,768,1,889.61,2024-04-09,True,2024-04-07
3284,768,2,676.44,2024-05-09,True,2024-05-12
3285,768,3,816.29,2024-06-08,True,2024-06-06
3286,768,4,368.69,2024-07-08,True,2024-07-05
3287,768,5,804.39,2024-08-07,True,2024-08-03
3288,769,1,580.99,2024-02-18,True,2024-02-22
3289,769,2,386.93,2024-03-19,True,2024-03-16
3290,769,3,316.12,2024-04-18,True,2024-04-14
3291,769,4,505.6,2024-05-18,True,2024-05-17
3292,770,1,277.89,2024-04-19,True,2024-04-15
3293,770,2,688.39,2024-05-19,True,2024-05-16
3294,770,3,413.67,2024-06-18,True,2024-06-14
3295,770,4,568.89,2024-07-18,True,2024-07-13
3296,771,1,816.4,2024-04-28,True,2024-04-26
3297,771,2,450.62,2024-05-28,True,2024-05-27
3298,771,3,209.57,2024-06-27,True,2024-06-23
3299,771,4,481.21,2024-07-27,True,2024-07-26
3300,771,5,218.96,2024-08-26,True,2024-08-31
3301,771,6,915.17,2024-09-25,True,2024-09-24
3302,772,1,766.46,2024-01-17,True,2024-01-18
3303,772,2,500.77,2024-02-16,True,2024-02-14
3304,772,3,916.8,2024-03-17,True,2024-03-13
3305,772,4,728.38,2024-04-16,True,2024-04-13
3306,773,1,815.49,2024-01-30,True,2024-01-27
3307,773,2,405.87,2024-02-29,True,2024-02-28
3308,773,3,506.24,2024-03-30,True,2024-03-27
3309,773,4,342.34,2024-04-29,True,2024-04-30
3310,774,1,688.24,2024-03-15,True,2024-03-13
3311,774,2,632.51,2024-04-14,True,2024-04-13
3312,774,3,930.09,2024-05-14,True,2024-05-13
3313,774,4,256.33,2024-06-13,True,2024-06-12
3314,774,5,917.21,2024-07-13,True,2024-07-12
3315,774,6,731.68,2024-08-12,True,2024-08-08
3316,775,1,659.71,2024-03-02,True,2024-03-05
3317,775,2,582.51,2024-04-01,True,2024-03-31
3318,775,3,632.1,2024-05-01,True,2024-05-04
3319,775,4,296.96,2024-05-31,True,2024-06-02
3320,776,1,745.47,2024-01-28,True,2024-01-27
3321,776,2,492.28,2024-02-27,True,2024-02-23
3322,776,3,808.36,2024-03-28,True,2024-03-23
3323,776,4,231.46,2024-04-27,True,2024-04-23
3324,776,5,917.17,2024-05-27,True,2024-05-26
3325,776,6,908.17,2024-06-26,True,2024-06-25
3326,777,1,354.47,2024-02-07,True,2024-02-03
3327,777,2,511.01,2024-03-08,True,2024-03-04
3328,777,3,627.15,2024-04-07,True,2024-04-06
3329,777,4,229.63,2024-05-07,True,2024-05-06
3330,778,1,524.41,2024-03-06,True,2024-03-01
3331,778,2,566.7,2024-04-05,True,2024-04-06
3332,778,3,792.84,2024-05-05,True,2024-05-03
3333,778,4,591.12,2024-06-04,True,2024-06-08
3334,779,1,236.64,2024-01-14,True,2024-01-12
3335,779,2,706.13,2024-02-13,False,
3336,779,3,856.59,2024-03-14,True,2024-03-09
3337,779,4,251.17,2024-04-13,True,2024-04-08
3338,779,5,839.34,2024-05-13,True,2024-05-16
3339,780,1,469.87,2024-04-27,True,2024-04-23
3340,780,2,459.39,2024-05-27,False,
3341,780,3,660.77,2024-06-26,True,2024-06-27
3342,780,4,811.38,2024-07-26,True,2024-07-25
3343,781,1,419.11,2024-04-23,True,2024-04-20
3344,781,2,642.73,2024-05-23,True,2024-05-23
3345,781,3,306.7,2024-06-22,True,2024-06-18
3346,781,4,822.13,2024-07-22,True,2024-07-21
3347,781,5,205.78,2024-08-21,False,
3348,781,6,765.39,2024-09-20,True,2024-09-16
3349,782,1,753.89,2024-01-15,True,2024-01-10
3350,782,2,560.34,2024-02-14,True,2024-02-13
3351,782,3,677.02,2024-03-15,True,2024-03-14
3352,782,4,701.75,2024-04-14,True,2024-04-13
3353,783,1,646.17,2024-03-28,True,2024-03-28
3354,783,2,695.14,2024-04-27,True,2024-05-01
3355,783,3,375.42,2024-05-27,True,2024-05-24
3356,783,4,242.46,2024-06-26,True,2024-06-22
3357,783,5,598.01,2024-07-26,True,2024-07-26
3358,784,1,715.89,2024-04-24,True,2024-04-21
3359,784,2,693.46,2024-05-24,True,2024-05-23
3360,784,3,792.33,2024-06-23,False,
3361,784,4,340.71,2024-07-23,True,2024-07-22
3362,785,1,256.69,2024-01-08,True,2024-01-03
3363,785,2,460.78,2024-02-07,True,2024-02-04
3364,785,3,384.05,2024-03-08,True,2024-03-06
3365,785,4,790.2,2024-04-07,True,2024-04-05
3366,786,1,258.82,2024-01-15,True,2024-01-11
3367,786,2,315.95,2024-02-14,False,
3368,786,3,563.99,2024-03-15,True,2024-03-13
3369,786,4,705.62,2024-04-14,False,
3370,786,5,361.77,2024-05-14,True,2024-05-13
3371,786,6,424.48,2024-06-13,True,2024-06-09
3372,787,1,336.96,2024-04-25,True,2024-04-29
3373,787,2,325.43,2024-05-25,True,2024-05-26
3374,787,3,662.5,2024-06-24,True,2024-06-20
3375,787,4,885.58,2024-07-24,True,2024-07-28
3376,787,5,578.79,2024-08-23,True,2024-08-19
3377,788,1,788.94,2024-02-04,True,2024-01-30
3378,788,2,377.93,2024-03-05,False,
3379,788,3,957.0,2024-04-04,False,
3380,788,4,918.6,2024-05-04,True,2024-04-30
3381,789,1,786.78,2024-02-27,True,2024-02-23
3382,789,2,583.42,2024-03-28,True,2024-03-31
3383,789,3,596.23,2024-04-27,True,2024-04-23
3384,789,4,959.95,2024-05-27,True,2024-05-26
3385,790,1,212.74,2024-03-09,True,2024-03-05
3386,790,2,886.34,2024-04-08,True,2024-04-04
3387,790,3,571.01,2024-05-08,True,2024-05-06
3388,790,4,831.89,2024-06-07,True,2024-06-06
3389,790,5,888.31,2024-07-07,True,2024-07-09
3390,790,6,624.74,2024-08-06,True,2024-08-01
3391,791,1,633.95,2024-02-01,True,2024-01-31
3392,791,2,696.36,2024-03-02,True,2024-03-06
3393,791,3,956.26,2024-04-01,True,2024-04-01
3394,791,4,506.36,2024-05-01,True,2024-04-28
3395,792,1,340.21,2024-04-27,True,2024-04-25
3396,792,2,310.72,2024-05-27,True,2024-05-23
3397,792,3,789.9,2024-06-26,True,2024-07-01
3398,792,4,367.84,2024-07-26,True,2024-07-23
3399,793,1,918.35,2024-02-26,True,2024-02-25
3400,793,2,250.7,2024-03-27,True,2024-03-22
3401,793,3,863.65,2024-04-26,True,2024-04-21
3402,793,4,919.56,2024-05-26,True,2024-05-25
3403,794,1,350.68,2024-01-10,True,2024-01-06
3404,794,2,918.36,2024-02-09,True,2024-02-09
3405,794,3,331.81,2024-03-10,True,2024-03-08
3406,794,4,899.99,2024-04-09,True,2024-04-06
3407,794,5,533.23,2024-05-09,True,2024-05-12
3408,795,1,477.36,2024-01-27,True,2024-01-24
3409,795,2,351.25,2024-02-26,True,2024-03-01
3410,795,3,715.74,2024-03-27,True,2024-03-24
3411,795,4,588.92,2024-04-26,True,2024-04-21
3412,796,1,556.21,2024-01-03,True,2023-12-31
3413,796,2,337.39,2024-02-02,True,2024-01-30
3414,796,3,815.8,2024-03-03,True,2024-02-28
3415,796,4,964.97,2024-04-02,True,2024-03-28
3416,796,5,428.2,2024-05-02,False,
3417,796,6,871.47,2024-06-01,True,2024-05-30
3418,797,1,329.0,2024-02-26,True,2024-03-01
3419,797,2,301.18,2024-03-27,True,2024-03-22
3420,797,3,765.71,2024-04-26,True,2024-04-27
3421,797,4,498.33,2024-05-26,True,2024-05-23
3422,797,5,297.19,2024-06-25,True,2024-06-26
3423,798,1,958.23,2024-04-12,False,
3424,798,2,324.84,2024-05-12,False,
3425,798,3,636.92,2024-06-11,True,2024-06-08
3426,798,4,579.13,2024-07-11,True,2024-07-15
3427,799,1,733.51,2024-02-12,True,2024-02-08
3428,799,2,470.95,2024-03-13,True,2024-03-12
3429,799,3,311.54,2024-04-12,True,2024-04-08
3430,799,4,694.02,2024-05-12,True,2024-05-09
3431,800,1,244.03,2024-02-27,True,2024-02-25
3432,800,2,825.03,2024-03-28,True,2024-03-27
3433,800,3,630.73,2024-04-27,True,2024-04-26
3434,800,4,980.67,2024-05-27,True,2024-05-22
3435,800,5,684.06,2024-06-26,False,
3436,801,1,926.76,2024-04-13,True,2024-04-09
3437,801,2,495.7,2024-05-13,True,2024-05-10
3438,801,3,446.47,2024-06-12,True,2024-06-10
3439,801,4,782.28,2024-07-12,True,2024-07-15
3440,802,1,430.91,2024-04-05,True,2024-04-08
3441,802,2,782.88,2024-05-05,True,2024-05-09
3442,802,3,268.86,2024-06-04,True,2024-05-30
3443,802,4,989.31,2024-07-04,True,2024-07-07
3444,803,1,270.76,2024-03-06,True,2024-03-09
3445,803,2,339.91,2024-04-05,True,2024-04-03
3446,803,3,359.41,2024-05-05,True,2024-05-01
3447,803,4,233.79,2024-06-04,True,2024-06-06
3448,803,5,595.28,2024-07-04,True,2024-07-03
3449,803,6,323.22,2024-08-03,True,2024-07-30
3450,804,1,299.34,2024-01-25,True,2024-01-23
3451,804,2,593.51,2024-02-24,True,2024-02-23
3452,804,3,811.77,2024-03-25,True,2024-03-29
3453,804,4,796.45,2024-04-24,True,2024-04-21
3454,804,5,702.4,2024-05-24,True,2024-05-23
3455,805,1,498.56,2024-02-12,True,2024-02-09
3456,805,2,330.28,2024-03-13,True,2024-03-11
3457,805,3,485.91,2024-04-12,True,2024-04-09
3458,805,4,238.97,2024-05-12,True,2024-05-11
3459,805,5,611.09,2024-06-11,True,2024-06-10
3460,805,6,679.01,2024-07-11,True,2024-07-08
3461,806,1,861.46,2024-01-31,True,2024-01-28
3462,806,2,276.67,2024-03-01,True,2024-03-01
3463,806,3,309.56,2024-03-31,True,2024-03-27
3464,806,4,472.25,2024-04-30,False,
3465,807,1,281.93,2024-04-11,True,2024-04-09
3466,807,2,836.09,2024-05-11,True,2024-05-06
3467,807,3,876.86,2024-06-10,True,2024-06-09
3468,807,4,533.88,2024-07-10,False,
3469,807,5,293.25,2024-08-09,True,2024-08-06
3470,807,6,449.26,2024-09-08,True,2024-09-12
3471,808,1,618.5,2024-01-12,False,
3472,808,2,337.77,2024-02-11,True,2024-02-10
3473,808,3,377.89,2024-03-12,True,2024-03-10
3474,808,4,445.94,2024-04-11,True,2024-04-14
3475,809,1,752.65,2024-02-14,True,2024-02-10
3476,809,2,805.87,2024-03-15,True,2024-03-10
3477,809,3,674.54,2024-04-14,True,2024-04-14
3478,809,4,253.0,2024-05-14,True,2024-05-13
3479,809,5,936.08,2024-06-13,True,2024-06-14
3480,810,1,736.48,2024-01-11,True,2024-01-08
3481,810,2,959.03,2024-02-10,True,2024-02-05
3482,810,3,824.64,2024-03-11,True,2024-03-10
3483,810,4,279.28,2024-04-10,True,2024-04-08
3484,810,5,772.65,2024-05-10,False,
3485,811,1,337.42,2024-03-21,True,2024-03-20
3486,811,2,939.39,2024-04-20,False,
3487,811,3,881.04,2024-05-20,True,2024-05-18
3488,811,4,551.73,2024-06-19,False,
3489,811,5,344.68,2024-07-19,True,2024-07-17
3490,812,1,611.4,2024-03-06,True,2024-03-03
3491,812,2,298.89,2024-04-05,True,2024-04-02
3492,812,3,763.78,2024-05-05,True,2024-05-02
3493,812,4,594.97,2024-06-04,True,2024-06-01
3494,812,5,749.64,2024-07-04,True,2024-06-30
3495,812,6,432.47,2024-08-03,True,2024-08-02
3496,813,1,915.8,2024-01-27,True,2024-01-29
3497,813,2,343.44,2024-02-26,False,
3498,813,3,593.32,2024-03-27,True,2024-03-26
3499,813,4,295.37,2024-04-26,True,2024-04-25
3500,813,5,793.15,2024-05-26,True,2024-05-23
3501,813,6,980.17,2024-06-25,True,2024-06-21
3502,814,1,298.21,2024-01-12,True,2024-01-09
3503,814,2,811.85,2024-02-11,True,2024-02-07
3504,814,3,484.88,2024-03-12,True,2024-03-15
3505,814,4,609.13,2024-04-11,True,2024-04-10
3506,815,1,400.55,2024-03-11,True,2024-03-09
3507,815,2,223.78,2024-04-10,True,2024-04-13
3508,815,3,742.49,2024-05-10,False,
3509,815,4,506.11,2024-06-09,True,2024-06-04
3510,815,5,698.59,2024-07-09,True,2024-07-04
3511,816,1,814.06,2024-01-17,True,2024-01-13
3512,816,2,592.2,2024-02-16,True,2024-02-11
3513,816,3,637.3,2024-03-17,False,
3514,816,4,225.28,2024-04-16,True,2024-04-19
3515,816,5,560.09,2024-05-16,True,2024-05-15
3516,816,6,226.29,2024-06-15,True,2024-06-17
3517,817,1,907.76,2024-01-30,True,2024-01-27
3518,817,2,772.58,2024-02-29,True,2024-02-25
3519,817,3,728.06,2024-03-30,True,2024-03-26
3520,817,4,649.8,2024-04-29,True,2024-04-26
3521,818,1,595.75,2024-01-14,False,
3522,818,2,693.55,2024-02-13,True,2024-02-15
3523,818,3,249.14,2024-03-14,True,2024-03-11
3524,818,4,479.1,2024-04-13,True,2024-04-10
3525,818,5,504.46,2024-05-13,True,2024-05-16
3526,818,6,481.02,2024-06-12,True,2024-06-09
3527,819,1,674.03,2024-03-23,False,
3528,819,2,252.4,2024-04-22,True,2024-04-21
3529,819,3,630.73,2024-05-22,True,2024-05-18
3530,819,4,654.44,2024-06-21,False,
3531,820,1,413.3,2024-04-02,True,2024-03-30
3532,820,2,502.19,2024-05-02,True,2024-04-28
3533,820,3,280.05,2024-06-01,True,2024-05-27
3534,820,4,849.17,2024-07-01,True,2024-06-28
3535,820,5,490.67,2024-07-31,True,2024-07-30
3536,820,6,872.3,2024-08-30,True,2024-08-29
3537,821,1,437.86,2024-04-23,True,2024-04-27
3538,821,2,794.31,2024-05-23,True,2024-05-23
3539,821,3,673.49,2024-06-22,True,2024-06-17
3540,821,4,580.21,2024-07-22,True,2024-07-19
3541,821,5,603.71,2024-08-21,True,2024-08-18
3542,821,6,360.06,2024-09-20,True,2024-09-16
3543,822,1,737.25,2024-02-04,True,2024-02-09
3544,822,2,762.67,2024-03-05,True,2024-03-03
3545,822,3,728.64,2024-04-04,True,2024-04-06
3546,822,4,949.73,2024-05-04,True,2024-04-30
3547,822,5,947.71,2024-06-03,True,2024-06-01
3548,822,6,491.42,2024-07-03,True,2024-06-30
3549,823,1,875.3,2024-01-21,True,2024-01-21
3550,823,2,707.14,2024-02-20,True,2024-02-17
3551,823,3,716.83,2024-03-21,True,2024-03-17
3552,823,4,390.79,2024-04-20,True,2024-04-17
3553,823,5,571.33,2024-05-20,True,2024-05-19
3554,824,1,361.59,2024-03-17,True,2024-03-14
3555,824,2,726.94,2024-04-16,True,2024-04-21
3556,824,3,588.67,2024-05-16,True,2024-05-16
3557,824,4,451.12,2024-06-15,True,2024-06-11
3558,824,5,917.42,2024-07-15,True,2024-07-18
3559,825,1,954.53,2024-01-13,True,2024-01-12
3560,825,2,656.78,2024-02-12,True,2024-02-07
3561,825,3,959.74,2024-03-13,False,
3562,825,4,401.45,2024-04-12,True,2024-04-11
3563,825,5,818.55,2024-05-12,True,2024-05-17
3564,825,6,511.96,2024-06-11,True,2024-06-07
3565,826,1,374.41,2024-03-22,True,2024-03-19
3566,826,2,551.58,2024-04-21,True,2024-04-17
3567,826,3,626.78,2024-05-21,True,2024-05-16
3568,826,4,539.03,2024-06-20,True,2024-06-21
3569,827,1,490.4,2024-02-28,True,2024-02-28
3570,827,2,716.32,2024-03-29,False,
3571,827,3,227.85,2024-04-28,True,2024-04-27
3572,827,4,752.55,2024-05-28,True,2024-05-23
3573,828,1,507.75,2024-03-15,True,2024-03-14
3574,828,2,627.93,2024-04-14,True,2024-04-13
3575,828,3,927.83,2024-05-14,True,2024-05-16
3576,828,4,440.71,2024-06-13,False,
3577,828,5,805.33,2024-07-13,True,2024-07-14
3578,829,1,932.71,2024-02-16,True,2024-02-21
3579,829,2,525.03,2024-03-17,True,2024-03-20
3580,829,3,576.87,2024-04-16,True,2024-04-21
3581,829,4,537.89,2024-05-16,False,
3582,829,5,280.32,2024-06-15,True,2024-06-14
3583,830,1,481.49,2024-02-03,True,2024-02-08
3584,830,2,461.41,2024-03-04,True,2024-03-02
3585,830,3,704.13,2024-04-03,True,2024-03-30
3586,830,4,360.06,2024-05-03,True,2024-05-02
3587,830,5,326.26,2024-06-02,True,2024-06-07
3588,831,1,810.53,2024-02-15,True,2024-02-12
3589,831,2,561.19,2024-03-16,True,2024-03-14
3590,831,3,749.97,2024-04-15,True,2024-04-13
3591,831,4,267.52,2024-05-15,True,2024-05-11
3592,831,5,955.81,2024-06-14,True,2024-06-13
3593,831,6,938.49,2024-07-14,True,2024-07-13
3594,832,1,979.3,2024-02-04,True,2024-02-02
3595,832,2,239.83,2024-03-05,True,2024-03-03
3596,832,3,271.25,2024-04-04,True,2024-04-04
3597,832,4,211.29,2024-05-04,True,2024-04-30
3598,833,1,861.81,2024-02-10,True,2024-02-08
3599,833,2,352.44,2024-03-11,True,2024-03-08
3600,833,3,797.15,2024-04-10,True,2024-04-08
3601,833,4,680.07,2024-05-10,False,
3602,833,5,426.37,2024-06-09,True,2024-06-05
3603,834,1,833.97,2024-02-23,True,2024-02-24
3604,834,2,694.14,2024-03-24,False,
3605,834,3,495.71,2024-04-23,True,2024-04-22
3606,834,4,575.11,2024-05-23,True,2024-05-26
3607,834,5,749.48,2024-06-22,True,2024-06-17
3608,834,6,404.98,2024-07-22,True,2024-07-19
3609,835,1,944.85,2024-01-20,True,2024-01-15
3610,835,2,951.46,2024-02-19,False,
3611,835,3,678.59,2024-03-20,True,2024-03-17
3612,835,4,603.63,2024-04-19,True,2024-04-24
3613,835,5,496.72,2024-05-19,False,
3614,836,1,647.65,2024-03-29,True,2024-03-24
3615,836,2,594.27,2024-04-28,True,2024-04-27
3616,836,3,453.85,2024-05-28,True,2024-05-27
3617,836,4,450.62,2024-06-27,False,
3618,837,1,599.37,2024-02-15,False,
3619,837,2,424.8,2024-03-16,True,2024-03-13
3620,837,3,690.35,2024-04-15,True,2024-04-12
3621,837,4,548.62,2024-05-15,True,2024-05-11
3622,838,1,810.94,2024-03-02,True,2024-03-07
3623,838,2,709.32,2024-04-01,True,2024-03-31
3624,838,3,383.89,2024-05-01,True,2024-04-27
3625,838,4,549.14,2024-05-31,False,
3626,838,5,941.77,2024-06-30,True,2024-06-25
3627,839,1,588.16,2024-02-17,True,2024-02-18
3628,839,2,298.92,2024-03-18,True,2024-03-19
3629,839,3,867.96,2024-04-17,True,2024-04-21
3630,839,4,912.72,2024-05-17,True,2024-05-16
3631,839,5,620.81,2024-06-16,True,2024-06-15
3632,839,6,396.93,2024-07-16,True,2024-07-13
3633,840,1,220.77,2024-04-10,True,2024-04-06
3634,840,2,498.85,2024-05-10,False,
3635,840,3,284.86,2024-06-09,True,2024-06-05
3636,840,4,864.56,2024-07-09,True,2024-07-06
3637,841,1,675.36,2024-05-05,True,2024-05-10
3638,841,2,697.89,2024-06-04,True,2024-06-09
3639,841,3,925.5,2024-07-04,True,2024-07-03
3640,841,4,841.25,2024-08-03,True,2024-08-02
3641,842,1,637.72,2024-01-09,True,2024-01-06
3642,842,2,342.41,2024-02-08,False,
3643,842,3,892.41,2024-03-09,True,2024-03-10
3644,842,4,510.8,2024-04-08,True,2024-04-06
3645,843,1,296.48,2024-03-05,True,2024-03-02
3646,843,2,922.99,2024-04-04,True,2024-04-03
3647,843,3,865.64,2024-05-04,True,2024-04-30
3648,843,4,581.15,2024-06-03,True,2024-05-30
3649,843,5,848.8,2024-07-03,True,2024-06-29
3650,844,1,274.36,2024-03-25,True,2024-03-30
3651,844,2,379.38,2024-04-24,True,2024-04-20
3652,844,3,621.82,2024-05-24,True,2024-05-20
3653,844,4,549.88,2024-06-23,False,
3654,844,5,582.09,2024-07-23,True,2024-07-20
3655,844,6,873.23,2024-08-22,True,2024-08-21
3656,845,1,640.8,2024-03-15,False,
3657,845,2,610.73,2024-04-14,True,2024-04-10
3658,845,3,728.68,2024-05-14,True,2024-05-11
3659,845,4,668.45,2024-06-13,True,2024-06-09
3660,845,5,343.64,2024-07-13,True,2024-07-12
3661,845,6,533.0,2024-08-12,True,2024-08-08
3662,846,1,805.88,2024-01-21,True,2024-01-23
3663,846,2,973.38,2024-02-20,True,2024-02-18
3664,846,3,262.58,2024-03-21,False,
3665,846,4,407.45,2024-04-20,True,2024-04-19
3666,846,5,204.68,2024-05-20,True,2024-05-16
3667,846,6,568.13,2024-06-19,True,2024-06-14
3668,847,1,780.73,2024-01-14,True,2024-01-18
3669,847,2,488.58,2024-02-13,True,2024-02-09
3670,847,3,843.71,2024-03-14,True,2024-03-12
3671,847,4,289.53,2024-04-13,True,2024-04-13
3672,847,5,367.38,2024-05-13,True,2024-05-09
3673,847,6,873.67,2024-06-12,True,2024-06-11
3674,848,1,440.73,2024-03-13,True,2024-03-12
3675,848,2,293.17,2024-04-12,False,
3676,848,3,791.02,2024-05-12,True,2024-05-11
3677,848,4,887.84,2024-06-11,True,2024-06-06
3678,848,5,863.56,2024-07-11,True,2024-07-10
3679,848,6,704.33,2024-08-10,True,2024-08-13
3680,849,1,789.66,2024-03-11,True,2024-03-08
3681,849,2,229.61,2024-04-10,True,2024-04-05
3682,849,3,948.22,2024-05-10,False,
3683,849,4,894.11,2024-06-09,True,2024-06-08
3684,849,5,537.6,2024-07-09,True,2024-07-05
3685,850,1,911.31,2024-02-08,True,2024-02-05
3686,850,2,558.66,2024-03-09,True,2024-03-07
3687,850,3,575.39,2024-04-08,True,2024-04-03
3688,850,4,927.26,2024-05-08,True,2024-05-04
3689,850,5,304.93,2024-06-07,True,2024-06-03
3690,851,1,866.46,2024-05-02,True,2024-04-28
3691,851,2,839.8,2024-06-01,True,2024-05-29
3692,851,3,752.56,2024-07-01,True,2024-06-29
3693,851,4,359.59,2024-07-31,True,2024-07-27
3694,851,5,954.44,2024-08-30,True,2024-08-25
3695,851,6,237.64,2024-09-29,True,2024-10-01
3696,852,1,741.54,2024-04-27,True,2024-05-01
3697,852,2,225.58,2024-05-27,True,2024-05-22
3698,852,3,381.35,2024-06-26,True,2024-06-23
3699,852,4,827.91,2024-07-26,True,2024-07-21
3700,852,5,413.99,2024-08-25,True,2024-08-20
3701,852,6,683.43,2024-09-24,True,2024-09-20
3702,853,1,839.19,2024-04-27,False,
3703,853,2,804.61,2024-05-27,False,
3704,853,3,825.32,2024-06-26,True,2024-06-26
3705,853,4,858.89,2024-07-26,True,2024-07-25
3706,853,5,896.7,2024-08-25,False,
3707,854,1,325.63,2024-02-08,True,2024-02-03
3708,854,2,598.71,2024-03-09,True,2024-03-06
3709,854,3,467.69,2024-04-08,True,2024-04-11
3710,854,4,975.71,2024-05-08,True,2024-05-04
3711,854,5,473.06,2024-06-07,True,2024-06-04
3712,855,1,772.16,2024-02-21,True,2024-02-19
3713,855,2,321.29,2024-03-22,True,2024-03-20
3714,855,3,310.4,2024-04-21,True,2024-04-24
3715,855,4,961.47,2024-05-21,True,2024-05-20
3716,855,5,554.06,2024-06-20,True,2024-06-15
3717,855,6,954.91,2024-07-20,True,2024-07-18
3718,856,1,547.26,2024-01-28,True,2024-01-26
3719,856,2,922.01,2024-02-27,True,2024-02-22
3720,856,3,978.13,2024-03-28,True,2024-04-02
3721,856,4,642.89,2024-04-27,True,2024-04-24
3722,856,5,206.32,2024-05-27,True,2024-05-25
3723,856,6,760.24,2024-06-26,True,2024-06-21
3724,857,1,699.49,2024-03-01,True,2024-02-27
3725,857,2,910.14,2024-03-31,True,2024-03-29
3726,857,3,904.78,2024-04-30,True,2024-04-26
3727,857,4,780.08,2024-05-30,True,2024-05-25
3728,857,5,427.14,2024-06-29,True,2024-06-24
3729,858,1,472.57,2024-04-23,True,2024-04-18
3730,858,2,674.0,2024-05-23,True,2024-05-19
3731,858,3,989.56,2024-06-22,True,2024-06-19
3732,858,4,407.81,2024-07-22,True,2024-07-21
3733,859,1,558.99,2024-04-06,True,2024-04-03
3734,859,2,986.36,2024-05-06,True,2024-05-10
3735,859,3,771.72,2024-06-05,False,
3736,859,4,732.42,2024-07-05,True,2024-07-02
3737,859,5,427.63,2024-08-04,True,2024-08-02
3738,859,6,771.48,2024-09-03,True,2024-08-31
3739,860,1,613.16,2024-03-27,True,2024-03-23
3740,860,2,278.39,2024-04-26,True,2024-04-26
3741,860,3,273.8,2024-05-26,True,2024-05-24
3742,860,4,556.93,2024-06-25,True,2024-06-20
3743,861,1,647.17,2024-04-19,True,2024-04-23
3744,861,2,599.06,2024-05-19,True,2024-05-15
3745,861,3,785.37,2024-06-18,True,2024-06-13
3746,861,4,301.7,2024-07-18,True,2024-07-13
3747,861,5,890.62,2024-08-17,True,2024-08-13
3748,861,6,226.09,2024-09-16,True,2024-09-15
3749,862,1,681.28,2024-03-30,True,2024-03-25
3750,862,2,431.67,2024-04-29,True,2024-04-26
3751,862,3,992.82,2024-05-29,True,2024-05-27
3752,862,4,313.71,2024-06-28,True,2024-06-25
3753,862,5,911.25,2024-07-28,True,2024-07-31
3754,862,6,201.67,2024-08-27,True,2024-08-26
3755,863,1,534.06,2024-03-13,True,2024-03-10
3756,863,2,825.08,2024-04-12,True,2024-04-07
3757,863,3,306.25,2024-05-12,True,2024-05-08
3758,863,4,733.78,2024-06-11,True,2024-06-10
3759,863,5,839.85,2024-07-11,True,2024-07-09
3760,863,6,920.2,2024-08-10,True,2024-08-06
3761,864,1,788.73,2024-01-07,True,2024-01-12
3762,864,2,219.84,2024-02-06,True,2024-02-03
3763,864,3,648.84,2024-03-07,True,2024-03-05
3764,864,4,964.13,2024-04-06,True,2024-04-01
3765,864,5,617.4,2024-05-06,True,2024-05-05
3766,864,6,296.23,2024-06-05,False,
3767,865,1,343.79,2024-04-03,True,2024-04-01
3768,865,2,863.75,2024-05-03,True,2024-05-02
3769,865,3,845.54,2024-06-02,True,2024-06-01
3770,865,4,593.18,2024-07-02,False,
3771,866,1,471.97,2024-03-17,True,2024-03-12
3772,866,2,453.91,2024-04-16,True,2024-04-15
3773,866,3,633.42,2024-05-16,True,2024-05-15
3774,866,4,323.38,2024-06-15,False,
3775,866,5,742.89,2024-07-15,True,2024-07-16
3776,867,1,221.74,2024-02-13,True,2024-02-10
3777,867,2,313.97,2024-03-14,True,2024-03-13
3778,867,3,241.5,2024-04-13,True,2024-04-11
3779,867,4,594.38,2024-05-13,True,2024-05-12
3780,867,5,415.43,2024-06-12,True,2024-06-11
3781,868,1,587.34,2024-05-02,True,2024-05-01
3782,868,2,415.33,2024-06-01,False,
3783,868,3,740.08,2024-07-01,True,2024-06-29
3784,868,4,443.69,2024-07-31,True,2024-07-26
3785,869,1,362.77,2024-03-28,False,
3786,869,2,498.64,2024-04-27,False,
3787,869,3,825.62,2024-05-27,True,2024-05-22
3788,869,4,561.39,2024-06-26,True,2024-06-21
3789,869,5,431.4,2024-07-26,False,
3790,870,1,200.43,2024-01-18,False,
3791,870,2,585.75,2024-02-17,True,2024-02-20
3792,870,3,999.39,2024-03-18,True,2024-03-13
3793,870,4,425.05,2024-04-17,True,2024-04-16
3794,870,5,440.51,2024-05-17,True,2024-05-15
3795,871,1,780.06,2024-05-07,False,
3796,871,2,902.62,2024-06-06,True,2024-06-03
3797,871,3,907.15,2024-07-06,False,
3798,871,4,708.14,2024-08-05,False,
3799,871,5,766.2,2024-09-04,True,2024-09-01
3800,872,1,473.3,2024-04-26,True,2024-04-25
3801,872,2,931.21,2024-05-26,True,2024-05-30
3802,872,3,581.22,2024-06-25,False,
3803,872,4,738.17,2024-07-25,True,2024-07-30
3804,872,5,591.18,2024-08-24,True,2024-08-23
3805,873,1,630.92,2024-01-20,True,2024-01-23
3806,873,2,737.8,2024-02-19,True,2024-02-23
3807,873,3,486.37,2024-03-20,True,2024-03-19
3808,873,4,299.81,2024-04-19,True,2024-04-18
3809,873,5,377.22,2024-05-19,True,2024-05-16
3810,874,1,353.21,2024-05-01,True,2024-04-29
3811,874,2,387.41,2024-05-31,True,2024-05-28
3812,874,3,594.27,2024-06-30,True,2024-06-29
3813,874,4,356.87,2024-07-30,True,2024-07-27
3814,874,5,655.28,2024-08-29,True,2024-08-24
3815,874,6,737.74,2024-09-28,True,2024-09-23
3816,875,1,302.6,2024-04-11,True,2024-04-06
3817,875,2,884.38,2024-05-11,True,2024-05-08
3818,875,3,353.48,2024-06-10,True,2024-06-15
3819,875,4,742.19,2024-07-10,True,2024-07-06
3820,876,1,201.56,2024-03-17,True,2024-03-16
3821,876,2,883.09,2024-04-16,True,2024-04-19
3822,876,3,419.23,2024-05-16,True,2024-05-13
3823,876,4,613.81,2024-06-15,True,2024-06-14
3824,876,5,422.35,2024-07-15,True,2024-07-14
3825,877,1,513.49,2024-01-26,True,2024-01-26
3826,877,2,992.21,2024-02-25,True,2024-02-24
3827,877,3,933.6,2024-03-26,True,2024-03-25
3828,877,4,700.8,2024-04-25,True,2024-04-24
3829,877,5,674.02,2024-05-25,True,2024-05-22
3830,878,1,397.72,2024-03-20,True,2024-03-20
3831,878,2,857.31,2024-04-19,True,2024-04-18
3832,878,3,820.6,2024-05-19,True,2024-05-15
3833,878,4,663.15,2024-06-18,True,2024-06-17
3834,878,5,501.92,2024-07-18,True,2024-07-16
3835,879,1,249.6,2024-02-01,True,2024-01-27
3836,879,2,700.95,2024-03-02,True,2024-02-26
3837,879,3,241.76,2024-04-01,True,2024-03-27
3838,879,4,801.57,2024-05-01,True,2024-04-26
3839,879,5,208.49,2024-05-31,True,2024-05-26
3840,879,6,695.38,2024-06-30,True,2024-06-30
3841,880,1,563.26,2024-04-06,True,2024-04-05
3842,880,2,209.83,2024-05-06,True,2024-05-04
3843,880,3,923.5,2024-06-05,True,2024-06-02
3844,880,4,536.81,2024-07-05,True,2024-07-03
3845,880,5,310.14,2024-08-04,True,2024-07-30
3846,881,1,548.68,2024-01-31,False,
3847,881,2,803.5,2024-03-01,True,2024-03-02
3848,881,3,317.93,2024-03-31,True,2024-03-28
3849,881,4,976.22,2024-04-30,True,2024-04-28
3850,881,5,245.85,2024-05-30,True,2024-05-30
3851,882,1,537.65,2024-04-03,True,2024-04-01
3852,882,2,828.21,2024-05-03,True,2024-04-29
3853,882,3,679.81,2024-06-02,True,2024-05-30
3854,882,4,692.88,2024-07-02,True,2024-06-28
3855,883,1,900.88,2024-04-24,False,
3856,883,2,596.74,2024-05-24,False,
3857,883,3,711.01,2024-06-23,True,2024-06-21
3858,883,4,391.22,2024-07-23,True,2024-07-25
3859,883,5,845.82,2024-08-22,True,2024-08-21
3860,883,6,490.25,2024-09-21,True,2024-09-20
3861,884,1,313.92,2024-03-11,True,2024-03-08
3862,884,2,235.12,2024-04-10,True,2024-04-08
3863,884,3,375.16,2024-05-10,True,2024-05-05
3864,884,4,396.77,2024-06-09,True,2024-06-06
3865,884,5,928.52,2024-07-09,True,2024-07-05
3866,885,1,723.9,2024-03-08,True,2024-03-06
3867,885,2,444.06,2024-04-07,True,2024-04-12
3868,885,3,337.09,2024-05-07,True,2024-05-02
3869,885,4,905.33,2024-06-06,True,2024-06-04
3870,886,1,906.18,2024-02-08,True,2024-02-03
3871,886,2,502.56,2024-03-09,True,2024-03-07
3872,886,3,936.81,2024-04-08,True,2024-04-03
3873,886,4,435.35,2024-05-08,True,2024-05-05
3874,887,1,898.28,2024-01-11,True,2024-01-14
3875,887,2,367.39,2024-02-10,True,2024-02-05
3876,887,3,251.9,2024-03-11,True,2024-03-06
3877,887,4,499.41,2024-04-10,True,2024-04-07
3878,888,1,620.38,2024-03-29,True,2024-04-01
3879,888,2,414.67,2024-04-28,True,2024-05-02
3880,888,3,719.79,2024-05-28,True,2024-05-31
3881,888,4,890.53,2024-06-27,True,2024-06-23
3882,889,1,657.1,2024-03-01,False,
3883,889,2,499.29,2024-03-31,True,2024-03-30
3884,889,3,436.04,2024-04-30,True,2024-04-29
3885,889,4,572.2,2024-05-30,True,2024-05-26
3886,889,5,546.0,2024-06-29,True,2024-06-26
3887,890,1,505.9,2024-02-13,True,2024-02-12
3888,890,2,487.27,2024-03-14,True,2024-03-18
3889,890,3,637.32,2024-04-13,True,2024-04-11
3890,890,4,278.73,2024-05-13,True,2024-05-11
3891,891,1,467.01,2024-01-09,True,2024-01-06
3892,891,2,352.51,2024-02-08,True,2024-02-03
3893,891,3,929.91,2024-03-09,True,2024-03-06
3894,891,4,826.5,2024-04-08,True,2024-04-03
3895,891,5,806.24,2024-05-08,True,2024-05-06
3896,891,6,892.37,2024-06-07,True,2024-06-05
3897,892,1,579.55,2024-01-08,True,2024-01-04
3898,892,2,778.01,2024-02-07,True,2024-02-04
3899,892,3,876.64,2024-03-08,True,2024-03-11
3900,892,4,367.67,2024-04-07,True,2024-04-04
3901,892,5,311.16,2024-05-07,True,2024-05-06
3902,892,6,599.84,2024-06-06,True,2024-06-04
3903,893,1,535.32,2024-02-17,True,2024-02-12
3904,893,2,439.71,2024-03-18,True,2024-03-17
3905,893,3,937.72,2024-04-17,True,2024-04-19
3906,893,4,654.55,2024-05-17,True,2024-05-21
3907,893,5,893.56,2024-06-16,False,
3908,894,1,363.36,2024-04-12,True,2024-04-10
3909,894,2,579.82,2024-05-12,True,2024-05-17
3910,894,3,915.8,2024-06-11,True,2024-06-06
3911,894,4,342.11,2024-07-11,True,2024-07-10
3912,895,1,349.35,2024-01-21,True,2024-01-23
3913,895,2,364.71,2024-02-20,True,2024-02-16
3914,895,3,245.96,2024-03-21,True,2024-03-17
3915,895,4,512.88,2024-04-20,False,
3916,895,5,303.31,2024-05-20,True,2024-05-16
3917,895,6,964.08,2024-06-19,True,2024-06-17
3918,896,1,447.81,2024-03-29,True,2024-03-27
3919,896,2,682.97,2024-04-28,False,
3920,896,3,669.99,2024-05-28,True,2024-05-25
3921,896,4,361.36,2024-06-27,False,
3922,897,1,556.59,2024-04-09,True,2024-04-07
3923,897,2,620.69,2024-05-09,False,
3924,897,3,903.39,2024-06-08,True,2024-06-07
3925,897,4,430.33,2024-07-08,True,2024-07-05
3926,897,5,512.87,2024-08-07,True,2024-08-10
3927,897,6,399.31,2024-09-06,True,2024-09-02
3928,898,1,507.73,2024-03-05,True,2024-03-04
3929,898,2,514.84,2024-04-04,False,
3930,898,3,391.76,2024-05-04,True,2024-04-29
3931,898,4,433.51,2024-06-03,False,
3932,898,5,758.44,2024-07-03,True,2024-06-29
3933,898,6,529.02,2024-08-02,True,2024-07-30
3934,899,1,261.23,2024-03-14,True,2024-03-11
3935,899,2,528.08,2024-04-13,True,2024-04-12
3936,899,3,569.73,2024-05-13,True,2024-05-09
3937,899,4,504.92,2024-06-12,True,2024-06-15
3938,899,5,230.22,2024-07-12,True,2024-07-10
3939,899,6,461.69,2024-08-11,True,2024-08-10
3940,900,1,266.04,2024-04-05,True,2024-04-01
3941,900,2,312.2,2024-05-05,True,2024-05-06
3942,900,3,870.8,2024-06-04,True,2024-06-03
3943,900,4,627.72,2024-07-04,True,2024-07-03
3944,900,5,741.91,2024-08-03,True,2024-08-01
3945,901,1,771.53,2024-03-02,True,2024-02-27
3946,901,2,757.39,2024-04-01,True,2024-04-06
3947,901,3,730.03,2024-05-01,True,2024-04-28
3948,901,4,555.19,2024-05-31,True,2024-05-27
3949,901,5,813.69,2024-06-30,False,
3950,901,6,499.72,2024-07-30,True,2024-07-26
3951,902,1,222.36,2024-01-09,True,2024-01-14
3952,902,2,735.16,2024-02-08,True,2024-02-13
3953,902,3,334.31,2024-03-09,True,2024-03-08
3954,902,4,852.5,2024-04-08,True,2024-04-03
3955,903,1,365.7,2024-01-18,True,2024-01-18
3956,903,2,385.93,2024-02-17,True,2024-02-16
3957,903,3,521.71,2024-03-18,True,2024-03-14
3958,903,4,376.08,2024-04-17,True,2024-04-12
3959,903,5,495.18,2024-05-17,True,2024-05-14
3960,904,1,814.04,2024-01-12,True,2024-01-17
3961,904,2,628.95,2024-02-11,False,
3962,904,3,880.37,2024-03-12,True,2024-03-16
3963,904,4,459.48,2024-04-11,True,2024-04-09
3964,904,5,465.64,2024-05-11,True,2024-05-13
3965,905,1,982.42,2024-05-06,True,2024-05-05
3966,905,2,686.83,2024-06-05,True,2024-06-03
3967,905,3,602.74,2024-07-05,True,2024-07-04
3968,905,4,693.08,2024-08-04,True,2024-07-31
3969,905,5,805.8,2024-09-03,True,2024-08-31
3970,905,6,598.98,2024-10-03,True,2024-10-02
3971,906,1,390.45,2024-04-28,True,2024-05-01
3972,906,2,791.4,2024-05-28,True,2024-05-27
3973,906,3,616.7,2024-06-27,False,
3974,906,4,718.44,2024-07-27,True,2024-07-24
3975,906,5,474.18,2024-08-26,True,2024-08-24
3976,907,1,841.16,2024-03-16,True,2024-03-12
3977,907,2,617.18,2024-04-15,True,2024-04-14
3978,907,3,895.89,2024-05-15,True,2024-05-13
3979,907,4,950.62,2024-06-14,True,2024-06-09
3980,907,5,864.98,2024-07-14,False,
3981,907,6,389.05,2024-08-13,True,2024-08-10
3982,908,1,331.33,2024-02-20,True,2024-02-15
3983,908,2,399.18,2024-03-21,True,2024-03-19
3984,908,3,417.49,2024-04-20,True,2024-04-17
3985,908,4,518.6,2024-05-20,True,2024-05-15
3986,909,1,687.52,2024-03-21,True,2024-03-17
3987,909,2,215.85,2024-04-20,True,2024-04-22
3988,909,3,676.15,2024-05-20,True,2024-05-17
3989,909,4,504.36,2024-06-19,True,2024-06-14
3990,909,5,684.82,2024-07-19,True,2024-07-15
3991,910,1,356.57,2024-03-19,False,
3992,910,2,203.34,2024-04-18,True,2024-04-15
3993,910,3,593.16,2024-05-18,False,
3994,910,4,952.23,2024-06-17,False,
3995,910,5,498.52,2024-07-17,True,2024-07-12
3996,910,6,256.99,2024-08-16,True,2024-08-16
3997,911,1,507.86,2024-01-23,True,2024-01-19
3998,911,2,965.68,2024-02-22,True,2024-02-19
3999,911,3,607.69,2024-03-23,True,2024-03-22
4000,911,4,720.73,2024-04-22,False,
4001,911,5,788.53,2024-05-22,True,2024-05-19
4002,912,1,704.76,2024-01-23,True,2024-01-21
4003,912,2,409.06,2024-02-22,True,2024-02-19
4004,912,3,397.93,2024-03-23,True,2024-03-21
4005,912,4,209.87,2024-04-22,True,2024-04-18
4006,912,5,518.13,2024-05-22,True,2024-05-26
4007,913,1,927.96,2024-01-12,True,2024-01-08
4008,913,2,402.3,2024-02-11,True,2024-02-16
4009,913,3,909.32,2024-03-12,True,2024-03-11
4010,913,4,287.42,2024-04-11,True,2024-04-09
4011,914,1,415.22,2024-05-03,True,2024-04-30
4012,914,2,205.14,2024-06-02,True,2024-06-01
4013,914,3,255.87,2024-07-02,True,2024-06-29
4014,914,4,786.43,2024-08-01,True,2024-07-30
4015,914,5,358.42,2024-08-31,True,2024-09-03
4016,914,6,653.67,2024-09-30,True,2024-09-28
4017,915,1,847.34,2024-05-04,True,2024-05-07
4018,915,2,552.58,2024-06-03,False,
4019,915,3,287.36,2024-07-03,True,2024-07-02
4020,915,4,502.18,2024-08-02,True,2024-07-28
4021,915,5,387.82,2024-09-01,True,2024-08-31
4022,915,6,248.85,2024-10-01,True,2024-09-26
4023,916,1,831.37,2024-04-16,True,2024-04-15
4024,916,2,500.53,2024-05-16,True,2024-05-18
4025,916,3,945.7,2024-06-15,True,2024-06-11
4026,916,4,469.24,2024-07-15,True,2024-07-12
4027,917,1,853.48,2024-04-26,False,
4028,917,2,732.06,2024-05-26,True,2024-05-23
4029,917,3,898.46,2024-06-25,True,2024-06-21
4030,917,4,780.18,2024-07-25,True,2024-07-20
4031,918,1,298.32,2024-04-30,True,2024-05-01
4032,918,2,494.74,2024-05-30,True,2024-05-26
4033,918,3,611.93,2024-06-29,True,2024-06-26
4034,918,4,213.3,2024-07-29,True,2024-07-26
4035,918,5,742.34,2024-08-28,True,2024-08-23
4036,918,6,835.17,2024-09-27,True,2024-09-30
4037,919,1,989.5,2024-02-19,True,2024-02-24
4038,919,2,507.89,2024-03-20,True,2024-03-15
4039,919,3,900.99,2024-04-19,True,2024-04-18
4040,919,4,302.29,2024-05-19,True,2024-05-14
4041,919,5,989.78,2024-06-18,True,2024-06-18
4042,920,1,585.73,2024-02-02,True,2024-01-31
4043,920,2,802.6,2024-03-03,True,2024-02-28
4044,920,3,994.69,2024-04-02,True,2024-04-04
4045,920,4,922.12,2024-05-02,True,2024-04-29
4046,921,1,732.75,2024-04-02,False,
4047,921,2,736.48,2024-05-02,True,2024-05-07
4048,921,3,780.33,2024-06-01,True,2024-05-30
4049,921,4,945.42,2024-07-01,True,2024-06-28
4050,922,1,501.61,2024-01-19,True,2024-01-15
4051,922,2,723.14,2024-02-18,True,2024-02-21
4052,922,3,846.76,2024-03-19,True,2024-03-18
4053,922,4,289.11,2024-04-18,True,2024-04-16
4054,922,5,795.69,2024-05-18,True,2024-05-15
4055,923,1,963.25,2024-02-20,True,2024-02-19
4056,923,2,672.05,2024-03-21,True,2024-03-17
4057,923,3,455.71,2024-04-20,True,2024-04-18
4058,923,4,615.8,2024-05-20,True,2024-05-16
4059,923,5,207.35,2024-06-19,True,2024-06-16
4060,923,6,869.77,2024-07-19,True,2024-07-14
4061,924,1,426.71,2024-04-12,True,2024-04-17
4062,924,2,227.48,2024-05-12,True,2024-05-11
4063,924,3,418.76,2024-06-11,True,2024-06-09
4064,924,4,596.02,2024-07-11,True,2024-07-08
4065,924,5,322.16,2024-08-10,True,2024-08-11
