id,pessoa_id,contrato_id,data_processo,solicitacao_id
1000,436,555,2024-01-19,4679
1001,107,556,2024-02-10,4682
1002,72,557,2024-02-03,4683
1003,21,558,2024-01-20,4685
1004,103,559,2024-04-06,4686
1005,215,560,2024-03-29,4688
1006,331,561,2024-04-08,4689
1007,373,562,2024-03-11,4691
1008,100,563,2024-01-14,4692
1009,152,564,2024-02-27,4694
1010,309,565,2024-01-16,4697
1011,258,566,2024-01-30,4698
1012,344,567,2024-02-02,4699
1013,414,568,2024-03-07,4700
1014,294,569,2024-03-19,4701
1015,192,570,2024-03-16,4703
1016,444,571,2024-01-27,4704
1017,161,572,2024-03-28,4706
1018,22,573,2024-03-12,4708
1019,253,574,2024-02-25,4709
1020,188,575,2024-04-25,4715
1021,271,576,2024-01-04,4716
1022,446,577,2024-04-02,4720
1023,51,578,2024-02-26,4721
1024,55,579,2024-02-07,4723
1025,131,580,2024-04-08,4726
1026,21,581,2024-01-14,4729
1027,167,582,2024-01-17,4731
1028,388,583,2024-04-21,4733
1029,316,584,2024-03-21,4735
1030,14,585,2024-02-04,4736
1031,265,586,2024-01-09,4738
1032,346,587,2024-04-06,4739
1033,340,588,2024-01-21,4742
1034,367,589,2024-02-22,4744
1035,444,590,2024-01-16,4745
1036,428,591,2024-03-14,4746
1037,81,592,2024-04-24,4751
1038,420,593,2024-04-21,4752
1039,50,594,2024-02-19,4753
1040,360,595,2024-03-16,4754
1041,388,596,2024-01-30,4755
1042,390,597,2024-01-12,4757
1043,54,598,2024-01-07,4758
1044,106,599,2024-03-26,4759
1045,191,600,2024-02-12,4762
1046,402,601,2024-01-15,4763
1047,44,602,2024-02-02,4765
1048,446,603,2024-02-21,4768
1049,270,604,2024-02-09,4769
1050,304,605,2024-03-27,4771
1051,271,606,2024-04-21,4772
1052,213,607,2024-01-28,4777
1053,208,608,2024-03-30,4778
1054,338,609,2024-04-04,4780
1055,367,610,2024-05-01,4781
1056,280,611,2024-03-26,4783
1057,410,612,2024-01-11,4784
1058,217,613,2024-03-22,4785
1059,252,614,2024-03-23,4786
1060,188,615,2024-01-27,4787
1061,380,616,2024-03-14,4788
1062,41,617,2024-04-05,4789
1063,301,618,2024-03-03,4792
1064,345,619,2024-02-08,4794
1065,327,620,2024-04-29,4795
1066,344,621,2024-04-01,4797
1067,136,622,2024-02-03,4799
1068,139,623,2024-02-14,4801
1069,392,624,2024-04-09,4803
1070,419,625,2024-01-11,4805
1071,289,626,2024-02-04,4806
1072,261,627,2024-01-08,4808
1073,28,628,2024-02-25,4811
1074,201,629,2024-01-12,4813
1075,268,630,2024-04-30,4815
1076,418,631,2024-05-03,4816
1077,407,632,2024-04-06,4819
1078,216,633,2024-01-30,4821
1079,293,634,2024-03-26,4822
1080,99,635,2024-03-08,4823
1081,172,636,2024-02-24,4824
1082,360,637,2024-04-25,4825
1083,214,638,2024-05-02,4826
1084,101,639,2024-02-08,4830
1085,431,640,2024-01-21,4831
1086,5,641,2024-03-16,4834
1087,393,642,2024-04-29,4840
1088,346,643,2024-02-17,4843
1089,42,644,2024-02-01,4844
1090,380,645,2024-01-21,4845
1091,352,646,2024-01-14,4848
1092,231,647,2024-04-10,4849
1093,241,648,2024-01-12,4850
1094,222,649,2024-03-26,4854
1095,407,650,2024-01-24,4855
1096,231,651,2024-04-15,4856
1097,237,652,2024-04-01,4857
1098,13,653,2024-02-22,4862
1099,243,654,2024-02-04,4866
1100,86,655,2024-03-16,4867
1101,284,656,2024-04-24,4868
1102,45,657,2024-03-30,4871
1103,134,658,2024-03-29,4874
1104,284,659,2024-04-26,4875
1105,108,660,2024-04-11,4877
1106,340,661,2024-04-13,4879
1107,446,662,2024-02-16,4881
1108,331,663,2024-01-16,4882
1109,348,664,2024-02-27,4884
1110,231,665,2024-01-24,4885
1111,190,666,2024-03-01,4886
1112,283,667,2024-04-04,4890
1113,446,668,2024-02-05,4891
1114,121,669,2024-03-06,4892
1115,116,670,2024-04-08,4893
1116,233,671,2024-01-25,4894
1117,259,672,2024-03-09,4895
1118,359,673,2024-05-01,4896
1119,411,674,2024-04-22,4898
1120,137,675,2024-03-25,4899
1121,165,676,2024-04-21,4901
1122,172,677,2024-01-31,4905
1123,315,678,2024-02-19,4907
1124,374,679,2024-04-11,4908
1125,160,680,2024-01-25,4909
1126,233,681,2024-04-13,4911
1127,180,682,2024-04-30,4912
1128,318,683,2024-04-29,4914
1129,442,684,2024-01-02,4915
1130,52,685,2024-03-18,4916
1131,268,686,2024-02-15,4917
1132,295,687,2024-03-05,4918
1133,386,688,2024-01-05,4919
1134,113,689,2024-05-03,4921
1135,101,690,2024-02-20,4922
1136,440,691,2024-04-17,4924
1137,187,692,2024-02-14,4926
1138,113,693,2024-02-02,4927
1139,2,694,2024-01-09,4928
1140,130,695,2024-02-04,4929
1141,220,696,2024-04-24,4930
1142,54,697,2024-03-17,4931
1143,343,698,2024-01-16,4932
1144,224,699,2024-01-16,4933
1145,225,700,2024-04-08,4934
1146,385,701,2024-03-06,4935
1147,403,702,2024-04-18,4936
1148,126,703,2024-01-14,4937
1149,53,704,2024-03-14,4939
1150,160,705,2024-01-21,4942
1151,247,706,2024-03-16,4945
1152,324,707,2024-01-26,4946
1153,184,708,2024-04-23,4949
1154,123,709,2024-03-22,4950
1155,401,710,2024-02-28,4951
1156,255,711,2024-01-31,4952
1157,280,712,2024-03-12,4954
1158,325,713,2024-04-09,4955
1159,98,714,2024-04-03,4957
1160,198,715,2024-01-30,4958
1161,144,716,2024-02-23,4961
1162,97,717,2024-03-29,4962
1163,201,718,2024-03-28,4963
1164,124,719,2024-02-18,4964
1165,187,720,2024-02-29,4965
1166,326,721,2024-04-27,4966
1167,349,722,2024-03-10,4967
1168,259,723,2024-03-01,4968
1169,148,724,2024-01-19,4969
1170,252,725,2024-02-06,4970
1171,443,726,2024-01-30,4971
1172,420,727,2024-01-11,4972
1173,403,728,2024-02-15,4973
1174,147,729,2024-03-18,4975
1175,199,730,2024-03-20,4978
1176,308,731,2024-01-31,4979
1177,417,732,2024-01-03,4980
1178,424,733,2024-01-11,4981
1179,39,734,2024-03-25,4983
1180,338,735,2024-01-12,4984
1181,360,736,2024-02-02,4985
1182,129,737,2024-01-14,4986
1183,441,738,2024-01-09,4988
1184,434,739,2024-04-24,4989
1185,298,740,2024-03-07,4992
1186,99,741,2024-02-02,4993
1187,263,742,2024-02-09,4994
1188,252,743,2024-03-30,4995
1189,144,744,2024-03-08,4996
1190,346,745,2024-01-29,4997
1191,112,746,2024-03-15,4998
1192,60,747,2024-01-21,4999
1193,2,748,2024-05-03,5001
1194,385,749,2024-04-23,5002
1195,304,750,2024-03-17,5003
1196,140,751,2024-03-04,5005
1197,37,752,2024-02-05,5006
1198,99,753,2024-02-26,5010
1199,147,754,2024-01-30,5011
1200,131,755,2024-03-30,5014
1201,404,756,2024-03-01,5015
1202,152,757,2024-02-17,5016
1203,120,758,2024-02-26,5018
1204,161,759,2024-03-02,5019
1205,408,760,2024-04-23,5020
1206,116,761,2024-04-07,5021
1207,75,762,2024-01-11,5022
1208,113,763,2024-03-28,5023
1209,422,764,2024-03-27,5025
1210,104,765,2024-01-16,5026
1211,340,766,2024-01-12,5027
1212,254,767,2024-02-23,5028
1213,227,768,2024-04-07,5029
1214,112,769,2024-02-15,5030
1215,99,770,2024-04-17,5031
1216,153,771,2024-04-25,5032
1217,349,772,2024-01-15,5033
1218,384,773,2024-01-29,5035
1219,338,774,2024-03-14,5037
1220,163,775,2024-02-29,5040
1221,208,776,2024-01-25,5041
1222,445,777,2024-02-06,5042
1223,169,778,2024-03-04,5043
1224,398,779,2024-01-12,5047
1225,404,780,2024-04-24,5050
1226,384,781,2024-04-21,5051
1227,135,782,2024-01-14,5053
1228,401,783,2024-03-27,5055
1229,33,784,2024-04-21,5057
1230,176,785,2024-01-05,5058
1231,443,786,2024-01-14,5059
1232,22,787,2024-04-22,5062
1233,238,788,2024-02-03,5063
1234,38,789,2024-02-25,5065
1235,365,790,2024-03-06,5067
1236,51,791,2024-01-31,5068
1237,438,792,2024-04-24,5069
1238,264,793,2024-02-24,5070
1239,27,794,2024-01-09,5072
1240,226,795,2024-01-26,5073
1241,286,796,2024-01-02,5075
1242,97,797,2024-02-24,5076
1243,448,798,2024-04-11,5079
1244,147,799,2024-02-09,5082
1245,4,800,2024-02-26,5083
1246,49,801,2024-04-11,5086
1247,220,802,2024-04-02,5089
1248,158,803,2024-03-04,5090
1249,46,804,2024-01-22,5091
1250,6,805,2024-02-09,5093
1251,99,806,2024-01-29,5094
1252,37,807,2024-04-09,5097
1253,349,808,2024-01-10,5099
1254,181,809,2024-02-12,5101
1255,95,810,2024-01-10,5102
1256,188,811,2024-03-19,5104
1257,116,812,2024-03-03,5105
1258,256,813,2024-01-26,5110
1259,323,814,2024-01-10,5111
1260,128,815,2024-03-10,5112
1261,18,816,2024-01-14,5113
1262,223,817,2024-01-27,5115
1263,54,818,2024-01-11,5116
1264,58,819,2024-03-22,5117
1265,360,820,2024-04-01,5119
1266,174,821,2024-04-21,5120
1267,280,822,2024-02-02,5121
1268,288,823,2024-01-19,5123
1269,151,824,2024-03-14,5126
1270,386,825,2024-01-11,5130
1271,273,826,2024-03-21,5131
1272,417,827,2024-02-26,5133
1273,176,828,2024-03-12,5137
1274,39,829,2024-02-14,5138
1275,26,830,2024-01-31,5141
1276,409,831,2024-02-12,5144
1277,408,832,2024-02-01,5145
1278,13,833,2024-02-08,5146
1279,316,834,2024-02-22,5147
1280,391,835,2024-01-18,5148
1281,36,836,2024-03-26,5150
1282,173,837,2024-02-13,5151
1283,20,838,2024-02-29,5152
1284,321,839,2024-02-15,5153
1285,400,840,2024-04-07,5155
1286,142,841,2024-05-02,5156
1287,143,842,2024-01-07,5158
1288,92,843,2024-03-03,5159
1289,354,844,2024-03-23,5160
1290,322,845,2024-03-14,5161
1291,288,846,2024-01-18,5162
1292,215,847,2024-01-13,5163
1293,447,848,2024-03-10,5164
1294,51,849,2024-03-09,5166
1295,153,850,2024-02-07,5167
1296,63,851,2024-04-30,5169
1297,125,852,2024-04-26,5171
1298,314,853,2024-04-25,5173
1299,58,854,2024-02-05,5174
1300,342,855,2024-02-19,5175
1301,180,856,2024-01-25,5177
1302,170,857,2024-02-28,5178
1303,326,858,2024-04-21,5179
1304,54,859,2024-04-03,5181
1305,101,860,2024-03-24,5183
1306,264,861,2024-04-18,5184
1307,53,862,2024-03-28,5185
1308,60,863,2024-03-12,5186
1309,108,864,2024-01-06,5187
1310,5,865,2024-03-31,5188
1311,196,866,2024-03-14,5190
1312,262,867,2024-02-11,5191
1313,365,868,2024-05-01,5192
1314,372,869,2024-03-26,5193
1315,350,870,2024-01-17,5194
1316,47,871,2024-05-04,5195
1317,355,872,2024-04-24,5196
1318,308,873,2024-01-19,5199
1319,144,874,2024-04-28,5200
1320,370,875,2024-04-10,5202
1321,124,876,2024-03-15,5203
1322,106,877,2024-01-23,5204
1323,145,878,2024-03-19,5207
1324,120,879,2024-01-31,5208
1325,319,880,2024-04-04,5209
1326,92,881,2024-01-29,5211
1327,58,882,2024-04-01,5212
1328,346,883,2024-04-21,5214
1329,117,884,2024-03-08,5216
1330,318,885,2024-03-06,5217
1331,279,886,2024-02-05,5218
1332,129,887,2024-01-10,5222
1333,122,888,2024-03-27,5224
1334,1,889,2024-02-27,5225
1335,290,890,2024-02-10,5227
1336,96,891,2024-01-07,5228
1337,126,892,2024-01-06,5229
1338,118,893,2024-02-14,5230
1339,48,894,2024-04-09,5231
1340,89,895,2024-01-19,5232
1341,237,896,2024-03-26,5233
1342,272,897,2024-04-08,5236
1343,189,898,2024-03-02,5237
1344,192,899,2024-03-13,5238
1345,447,900,2024-04-04,5239
1346,69,901,2024-02-28,5240
1347,349,902,2024-01-06,5242
1348,247,903,2024-01-16,5243
1349,76,904,2024-01-11,5244
1350,154,905,2024-05-03,5245
1351,86,906,2024-04-27,5248
1352,285,907,2024-03-14,5250
1353,47,908,2024-02-19,5253
1354,94,909,2024-03-18,5254
1355,238,910,2024-03-16,5255
1356,446,911,2024-01-22,5256
1357,400,912,2024-01-21,5258
1358,218,913,2024-01-11,5259
1359,39,914,2024-04-30,5262
1360,100,915,2024-05-02,5263
1361,289,916,2024-04-15,5264
1362,254,917,2024-04-25,5265
1363,357,918,2024-04-28,5267
1364,23,919,2024-02-18,5268
1365,250,920,2024-01-31,5269
1366,10,921,2024-03-31,5270
1367,100,922,2024-01-17,5273
1368,290,923,2024-02-18,5274
1369,180,924,2024-04-11,5275
