id,nome,email,cpf
1,Carolina Carvalho,joao-gabrielteixeira@azevedo.org,806.714.952-67
2,Davi Lucas Nogueira,ucorreia@gomes.br,803.192.564-05
3,Calebe Melo,luiz-henrique17@peixoto.com,349.210.567-06
4,Sra. Pietra Costa,thomasalmeida@bol.com.br,261.375.089-86
5,Nathan da Luz,rodrigocastro@da.br,594.731.026-07
6,Ana Luiza Nunes,isabellacostela@bol.com.br,150.978.324-50
7,Maria Sophia Azevedo,acosta@yahoo.com.br,258.436.091-89
8,Marcela Cavalcanti,silveiraenzo-gabriel@moura.br,182.394.670-40
9,Sr. Gustavo Rocha,miguelmartins@pinto.com,528.673.049-38
10,Vicente da Costa,luiz-miguelda-costa@das.br,708.634.591-10
11,Sr. Erick Alves,elopes@silva.com,260.385.497-65
12,Sofia Gonçalves,marcelacostela@cunha.net,897.423.516-19
13,Sabrina Alves,caueda-rocha@silveira.com,195.436.870-48
14,Srta. Beatriz Farias,barbara68@nunes.com,934.268.510-24
15,Juan Duarte,beatriz28@castro.br,812.097.635-59
16,Bianca Farias,wlopes@azevedo.br,906.872.431-22
17,Daniel Souza,gomessophia@bol.com.br,271.940.865-49
18,Ana Julia Ramos,cduarte@yahoo.com.br,849.631.502-98
19,Camila da Mata,juanfogaca@pires.br,274.518.036-35
20,Esther Barros,monteiromariane@oliveira.net,941.637.520-99
21,Sra. Ana Julia Pereira,mcardoso@silveira.com,140.923.756-70
22,Valentina da Paz,icastro@ig.com.br,817.256.043-53
23,Nina da Costa,jesusenzo-gabriel@lima.br,194.280.653-15
24,Paulo Caldeira,goncalvesfrancisco@pinto.net,682.170.943-22
25,Ana Clara Costela,thomassilva@monteiro.br,109.672.835-40
26,Sr. Enzo da Costa,theo07@nunes.com,571.362.948-19
27,Dra. Julia da Mota,carolinapinto@freitas.com,095.427.831-32
28,Dr. João Pedro Silveira,sarahlopes@ig.com.br,908.163.254-05
29,Sr. Lorenzo Porto,kramos@nunes.com,173.825.906-40
30,Augusto Costela,maysa67@cavalcanti.br,342.861.509-33
31,Amanda Ferreira,tfreitas@ig.com.br,968.324.571-46
32,Murilo da Mata,portomurilo@mendes.net,193.752.684-46
33,Júlia Nunes,kcorreia@bol.com.br,069.371.584-75
34,Ana Clara Silva,ucorreia@dias.org,416.902.375-70
35,Emanuella Oliveira,esther23@bol.com.br,159.608.732-30
36,Isaac Viana,xteixeira@ig.com.br,607.831.524-26
37,Alexandre da Paz,pirescaroline@gmail.com,625.381.490-70
38,Srta. Maria Vitória Rodrigues,da-matabruno@gmail.com,097.826.453-38
39,Ana Luiza da Cunha,elisa24@hotmail.com,230.896.417-04
40,Dr. Gabriel Lopes,pbarros@cavalcanti.net,160.437.289-31
41,Srta. Vitória Lima,kamilly91@barbosa.br,613.782.054-80
42,Dr. Thales Nascimento,maria-eduarda26@hotmail.com,542.396.817-82
43,Yago Melo,lopesmiguel@freitas.com,298.705.431-97
44,Laís Nogueira,renan09@hotmail.com,395.216.048-24
45,Ana Vitória da Cunha,azevedopedro-henrique@nunes.br,431.856.279-46
46,Carlos Eduardo Barros,kfogaca@da.br,418.936.275-19
47,Sr. Igor Martins,dlima@uol.com.br,957.401.236-07
48,Mariana Barros,mariana57@ig.com.br,627.095.413-43
49,Leandro da Conceição,thalesviana@ig.com.br,498.753.620-00
50,Maitê Teixeira,fariasisadora@ramos.org,734.856.910-20
51,Luigi Melo,da-conceicaolucca@bol.com.br,980.561.372-03
52,Manuela da Mota,cda-conceicao@moraes.br,586.412.739-64
53,Calebe Correia,pdas-neves@lopes.net,514.980.372-32
54,Brenda Santos,xmoura@carvalho.br,410.769.825-49
55,Ana Luiza Pereira,correiaalexandre@ramos.br,360.524.871-35
56,Dr. Lucca Caldeira,qcosta@ig.com.br,560.984.137-20
57,João Pedro Ribeiro,monteirocarolina@hotmail.com,693.528.107-59
58,Caio Fogaça,camposvitor-hugo@da.com,975.123.460-34
59,Helena Vieira,wda-paz@nogueira.org,195.237.086-86
60,Catarina Rodrigues,fbarros@bol.com.br,023.419.685-89
61,Danilo Costa,castroluiz-otavio@gmail.com,843.501.962-42
62,Srta. Julia Vieira,fariasamanda@ig.com.br,843.592.176-09
63,Erick Silveira,arthur40@yahoo.com.br,832.450.917-88
64,Alexia Cunha,diasenzo-gabriel@peixoto.br,675.098.241-76
65,Olivia Cunha,calebecorreia@uol.com.br,869.751.420-76
66,Sr. Igor Silva,cardosoluiza@bol.com.br,376.490.158-66
67,Bryan Mendes,goncalvessophia@yahoo.com.br,592.641.083-51
68,Marcelo Ramos,caldeiramariana@souza.br,290.751.436-99
69,Sr. Bryan da Mota,pietro37@martins.br,546.397.281-82
70,Lucas Gabriel da Mata,mariasales@yahoo.com.br,471.805.326-90
71,Alice da Cunha,raulsouza@ig.com.br,245.106.398-05
72,Lorenzo Moreira,maria-claranogueira@hotmail.com,145.872.069-11
73,Otávio Duarte,dcostela@moreira.com,659.410.387-39
74,Igor Melo,andrenascimento@silveira.br,734.856.210-80
75,Srta. Amanda Nunes,brenocardoso@hotmail.com,164.593.820-42
76,Davi Lucca Carvalho,cauafogaca@uol.com.br,143.507.682-62
77,Alice Campos,souzacecilia@nunes.org,076.143.958-75
78,Eduarda Moura,barbara33@yahoo.com.br,016.835.927-86
79,Pedro Miguel Viana,joao09@hotmail.com,796.180.532-02
80,Joaquim das Neves,novaesagatha@hotmail.com,980.516.372-59
81,Maria Alice da Mota,manuelanovaes@fogaca.com,971.032.485-32
82,Pietro da Paz,anacampos@teixeira.com,510.674.982-49
83,Enrico Nascimento,pmartins@hotmail.com,719.254.068-49
84,Gustavo Henrique Lopes,araujoevelyn@uol.com.br,196.258.730-40
85,Daniel Costela,goncalvesmaria-clara@uol.com.br,853.297.014-14
86,Evelyn Teixeira,noahramos@hotmail.com,609.837.541-01
87,Dr. Pietro Pinto,limajoao-vitor@bol.com.br,861.923.547-82
88,Sr. Breno Correia,thomas15@barbosa.br,364.980.251-15
89,Clarice Moreira,bribeiro@freitas.br,436.075.981-93
90,Gabrielly Novaes,gustavo-henrique09@ig.com.br,875.409.126-85
91,Letícia Vieira,isadoramoreira@ig.com.br,108.734.925-79
92,Dra. Laura Cunha,goncalvesbrenda@ig.com.br,154.386.279-91
93,Ana Lívia Barros,nporto@bol.com.br,158.269.340-42
94,Matheus Cardoso,lbarros@ig.com.br,521.673.804-53
95,Julia Nogueira,oliveiraisadora@gmail.com,037.692.485-38
96,Bryan Rodrigues,henriquepires@das.com,734.186.520-26
97,Alana Freitas,mourafrancisco@bol.com.br,217.398.540-04
98,Juliana das Neves,nvieira@rezende.br,375.429.810-05
99,Nicolas Gomes,davi-lucasramos@silva.br,764.051.389-84
100,Thiago Mendes,bda-costa@bol.com.br,317.582.694-64
101,Henrique Ribeiro,uda-cruz@ig.com.br,370.584.621-35
102,Sra. Maria Fernanda Cunha,gsantos@pereira.com,720.543.698-29
103,Alana Costa,llopes@da.com,253.704.896-29
104,Sofia da Costa,teixeiramaysa@silva.com,860.793.125-30
105,Camila da Costa,da-costaleonardo@freitas.com,591.803.264-98
106,Danilo Correia,pedro-lucascardoso@nogueira.com,086.149.725-20
107,Marcela Ferreira,rebecacardoso@bol.com.br,340.271.569-43
108,Dra. Marcela Fogaça,valentinamartins@bol.com.br,589.610.723-40
109,Stella Aragão,mendesana-vitoria@souza.br,193.054.876-10
110,Clara Costela,ana-vitoria26@yahoo.com.br,731.685.940-75
111,Dra. Elisa Fogaça,heitor41@cardoso.com,317.286.594-00
112,Maria Sophia das Neves,walmeida@da.br,259.183.740-60
113,Nicole da Luz,isaaccampos@gmail.com,062.478.153-44
114,Marcos Vinicius Peixoto,martinsdavi-luiz@alves.net,985.160.243-42
115,Ana Clara Pinto,cmendes@bol.com.br,180.356.479-20
116,Ana Júlia da Costa,samuel14@lopes.org,048.513.267-26
117,Beatriz da Costa,fariasyago@santos.br,465.271.089-58
118,João Pedro Cardoso,ana-livia81@freitas.com,394.610.287-50
119,Cecília da Conceição,emanuelcarvalho@silveira.net,854.072.396-47
120,Pedro Lucas Cunha,clarada-luz@yahoo.com.br,157.094.263-34
121,Alana Silva,da-cruzvinicius@uol.com.br,384.072.951-32
122,Theo Duarte,joao-miguel61@monteiro.org,821.305.647-71
123,Eloah Viana,gcostela@peixoto.br,598.631.072-12
124,Dra. Olivia Santos,maria-ceciliacampos@yahoo.com.br,928.341.706-22
125,Dr. Cauã Rocha,gbarros@castro.net,906.381.754-10
126,Isabel Peixoto,goncalvesfrancisco@nunes.br,615.037.294-43
127,Luiz Miguel Lima,clariceda-cunha@nogueira.net,185.407.239-05
128,Dr. Theo Ferreira,rodriguesmurilo@da.br,256.843.017-62
129,Juan Martins,luigi97@gmail.com,719.386.504-84
130,Dr. Noah Pinto,anthony60@yahoo.com.br,267.134.598-46
131,Gabriela Gonçalves,maria-eduardadas-neves@teixeira.com,493.806.172-40
132,Maria Sophia Sales,oliveiracaue@uol.com.br,973.680.241-87
133,Leandro Caldeira,carvalhojoao-miguel@yahoo.com.br,470.583.621-90
134,Vinicius Barros,ana-clara24@yahoo.com.br,254.601.973-25
135,Davi Lucca da Conceição,wcosta@yahoo.com.br,216.493.805-42
136,João Pedro Ribeiro,fnovaes@carvalho.com,607.215.493-06
137,Srta. Lívia Nunes,cavalcantiemanuel@yahoo.com.br,172.435.908-88
138,Mirella Martins,davi-lucca46@bol.com.br,268.014.539-98
139,Kevin Pereira,barbosasofia@carvalho.br,304.612.589-51
140,Amanda Monteiro,gabriellybarbosa@yahoo.com.br,527.490.681-85
141,Sr. Luigi Barbosa,rmartins@uol.com.br,749.538.612-64
142,Vitor Gabriel da Mota,ribeiroana@da.br,214.560.973-34
143,Giovanna da Rosa,vitoriacunha@yahoo.com.br,760.152.348-90
144,Luna Ramos,joao-lucasalmeida@da.com,072.359.816-95
145,Dr. Leandro Lima,ateixeira@moreira.com,327.096.548-65
146,Lorenzo Ramos,mendesjulia@bol.com.br,159.703.286-77
147,Stella Costa,aragaocaroline@ig.com.br,796.381.254-46
148,Agatha Silveira,piresyasmin@yahoo.com.br,317.284.659-82
149,Luiz Felipe Fernandes,alice82@lopes.com,287.190.365-40
150,Clara da Rocha,lfreitas@pinto.com,319.608.475-20
151,Vitor Gabriel Nogueira,bryan81@hotmail.com,654.127.938-19
152,Dr. Arthur Castro,barbaralopes@uol.com.br,831.546.790-57
153,Luiz Henrique Pereira,maria-alicecardoso@yahoo.com.br,312.965.487-91
154,Giovanna Lima,isabellacavalcanti@bol.com.br,216.384.957-00
155,Miguel Nunes,tda-mata@martins.br,516.924.837-73
156,Olivia da Mota,luiz-miguelmendes@cavalcanti.net,489.703.265-29
157,Luiz Felipe da Costa,da-matafernanda@barbosa.com,945.802.367-00
158,Sr. Yuri Silveira,jnovaes@ig.com.br,312.806.547-08
159,Gustavo Henrique Rocha,wmoreira@ig.com.br,427.605.891-02
160,Esther Campos,zcavalcanti@gmail.com,405.329.678-10
161,Isaac Caldeira,wcostela@castro.net,704.592.683-92
162,Pedro Miguel da Luz,msilva@yahoo.com.br,061.583.729-86
163,Sr. João Miguel Araújo,lucas37@yahoo.com.br,495.061.278-67
164,Lavínia Ferreira,joao-guilherme92@yahoo.com.br,954.073.618-84
165,Bruna Pires,araujobryan@goncalves.br,940.863.725-92
166,Luiz Henrique Moura,valentina43@azevedo.br,359.160.427-52
167,Lavínia Caldeira,garaujo@bol.com.br,805.473.291-05
168,Sophie Caldeira,fariasrebeca@hotmail.com,714.536.908-75
169,Laís Campos,tda-cruz@azevedo.com,897.045.163-39
170,Dr. Henrique da Paz,marina14@teixeira.org,638.594.720-38
171,Joaquim Silva,brendavieira@gmail.com,097.168.432-40
172,Stephany Barbosa,theo72@nogueira.net,915.406.728-67
173,Luna Souza,dlima@yahoo.com.br,742.598.601-94
174,João Vitor Oliveira,leonardoduarte@cavalcanti.br,451.892.607-20
175,Sr. Davi Lucca Cunha,pietra40@da.com,627.859.130-86
176,Dra. Rafaela Freitas,valves@ig.com.br,716.295.438-37
177,Ana Beatriz Cavalcanti,catarinada-conceicao@vieira.org,253.647.918-82
178,Sr. Isaac das Neves,ramospedro-miguel@uol.com.br,469.702.183-50
179,Olivia Oliveira,luiz-miguelrezende@das.com,926.074.385-00
180,Fernanda Barbosa,camposnathan@da.br,480.293.657-56
181,João Vitor Dias,acardoso@cunha.br,351.264.807-07
182,Brenda Alves,da-motaisabelly@goncalves.br,790.814.625-20
183,Otávio Gomes,stephanyda-rocha@novaes.br,846.951.230-70
184,Henrique Farias,varaujo@ig.com.br,293.486.071-03
185,Eduardo Rodrigues,pedro50@yahoo.com.br,763.125.890-21
186,Leandro Ribeiro,da-luzfernanda@uol.com.br,806.317.542-53
187,João Vitor Ribeiro,da-costanicole@gmail.com,168.795.304-00
188,Vitor Hugo Vieira,leticialima@ramos.com,098.742.613-31
189,Helena Costa,isabellydas-neves@oliveira.br,587.426.901-02
190,Luiz Felipe Lopes,da-pazaugusto@barros.br,356.249.810-15
191,João Felipe Peixoto,gustavomelo@ribeiro.br,675.904.213-16
192,Thiago da Mota,mfogaca@hotmail.com,789.210.536-03
193,Rebeca Pires,liviapeixoto@rezende.org,906.324.871-78
194,Nicolas Dias,diogogoncalves@cardoso.net,539.176.204-99
195,Natália da Cunha,caldeiramaite@lopes.com,652.391.847-55
196,Srta. Gabriela Souza,da-motanicolas@hotmail.com,904.152.387-14
197,Dra. Ana Júlia da Mota,freitasbeatriz@gmail.com,603.479.825-65
198,Sra. Maitê da Mota,nunesrebeca@hotmail.com,150.843.976-10
199,Vitória Ferreira,luiz-gustavo74@gmail.com,536.179.428-73
200,Caio Oliveira,da-conceicaopedro-miguel@bol.com.br,659.308.472-74
201,Thales Gonçalves,luiz-henrique12@rocha.net,193.758.602-21
202,Catarina da Paz,raulcarvalho@da.br,349.528.076-65
203,Clarice Peixoto,zferreira@uol.com.br,471.068.532-08
204,Davi Luiz Aragão,ana-julia19@da.com,591.436.082-05
205,Maria Fernanda Castro,cunhamaria-sophia@souza.net,863.745.129-28
206,Eduarda da Paz,mazevedo@uol.com.br,827.631.049-40
207,Pedro Henrique da Rosa,pintoana-clara@alves.br,650.189.734-39
208,Dr. Raul Moreira,sda-mata@rezende.br,984.617.305-93
209,Samuel Barros,gustavo78@vieira.org,934.076.512-52
210,Renan Rezende,camilacosta@hotmail.com,372.804.951-41
211,Daniela Azevedo,silveiragiovanna@da.br,068.417.395-66
212,Luiz Gustavo Martins,zviana@bol.com.br,458.697.031-66
213,Cauã Souza,stella76@freitas.com,297.654.801-30
214,Sophia Cardoso,diegogoncalves@carvalho.com,081.792.635-68
215,Juliana da Paz,samuel84@oliveira.br,605.294.137-52
216,Mirella da Cunha,souzamelissa@cardoso.br,264.739.815-19
217,Sr. Yago Silva,ymonteiro@ig.com.br,681.240.579-58
218,Thomas Gonçalves,ribeiroelisa@ramos.com,768.325.149-64
219,Agatha Ribeiro,ana-juliacostela@ig.com.br,421.796.530-34
220,Rodrigo Fogaça,freitasdavi-lucca@rezende.br,168.572.903-77
221,Rafaela Sales,fogacarebeca@hotmail.com,236.195.048-06
222,Davi Luiz Castro,rochalivia@viana.com,057.321.984-23
223,Dr. Kevin Novaes,pietro07@gmail.com,683.240.791-22
224,Sr. Thomas da Luz,bcardoso@hotmail.com,695.301.824-06
225,Ana Júlia Sales,zalves@cavalcanti.com,432.869.051-51
226,Isabel Cardoso,arthurcardoso@gmail.com,206.498.173-03
227,Sra. Isabelly da Cruz,ribeiroraul@cunha.com,857.162.934-09
228,Mariana da Conceição,ana-carolina84@peixoto.net,945.261.738-19
229,Stella Aragão,bryan32@correia.com,068.915.237-02
230,Clarice da Cruz,luana76@campos.com,809.326.417-50
231,Gabriel Moreira,leticiarodrigues@hotmail.com,901.435.728-14
232,Pedro Lucas Nascimento,xbarbosa@da.com,945.738.106-84
233,Murilo Nogueira,elima@uol.com.br,768.432.190-04
234,Juliana Castro,luiz-fernandomelo@da.com,675.148.092-01
235,Nicole da Conceição,calebe60@costela.com,681.793.402-87
236,Lucas Peixoto,caiocostela@da.com,105.648.327-07
237,Isaac Pires,lda-rocha@pires.com,082.936.471-40
238,Vitor Hugo Souza,rafael35@yahoo.com.br,670.438.951-20
239,Sr. Levi Carvalho,salesgustavo-henrique@alves.com,563.079.841-39
240,Theo Nascimento,brenda22@goncalves.br,485.309.612-42
241,Juan Cardoso,ynovaes@hotmail.com,372.094.615-07
242,João Almeida,amonteiro@gmail.com,356.078.429-83
243,Isis das Neves,manuelacaldeira@ig.com.br,397.815.462-55
244,Dra. Maria Cecília da Conceição,samuel54@cardoso.com,879.312.046-03
245,Enrico das Neves,nogueiramaria-fernanda@caldeira.net,497.218.653-46
246,Caio das Neves,caua18@ribeiro.org,063.759.284-00
247,Isadora Carvalho,da-mataeloah@moraes.br,893.617.502-59
248,Noah das Neves,pedro-lucascavalcanti@bol.com.br,437.068.295-92
249,Sr. Felipe Melo,da-mataanthony@bol.com.br,534.267.109-43
250,Emanuel Pinto,laviniajesus@fogaca.br,289.516.703-68
251,Guilherme Almeida,fda-cruz@hotmail.com,532.961.847-91
252,João Lucas Gomes,da-cunhajoao-guilherme@aragao.org,620.378.915-12
253,Noah Viana,ada-paz@castro.br,763.854.109-00
254,Vicente da Luz,catarina87@gmail.com,634.817.205-80
255,Alana Vieira,cda-costa@gomes.br,716.435.280-17
256,Lucas Gabriel da Conceição,amendes@teixeira.br,492.586.371-19
257,Stella Moraes,snascimento@ig.com.br,673.128.490-40
258,Srta. Melissa Rocha,cavalcantihelena@yahoo.com.br,497.358.602-10
259,Ana Sophia Martins,cardosovitoria@moura.net,450.168.237-07
260,Catarina Silveira,heloisacampos@duarte.net,987.546.012-58
261,Gabrielly Duarte,qfreitas@monteiro.org,150.638.749-75
262,Luiz Gustavo Porto,barbara68@caldeira.org,348.596.170-10
263,Maria Moreira,icampos@uol.com.br,981.364.027-87
264,Nina Souza,scosta@gmail.com,891.630.527-68
265,Srta. Isabella Melo,maria-fernanda58@das.net,639.871.502-03
266,Rebeca Jesus,luiz-miguel91@bol.com.br,523.147.069-43
267,Lucca Nascimento,ocaldeira@freitas.br,476.319.820-31
268,Dra. Agatha Castro,diogosouza@ig.com.br,087.643.591-66
269,Srta. Lívia Rezende,mariane64@vieira.com,695.273.148-28
270,Luiz Henrique Alves,claralima@pinto.br,425.701.983-23
271,Sr. Ian Rezende,ramosana-vitoria@moraes.com,781.046.325-07
272,Thales Sales,davi86@bol.com.br,608.243.579-65
273,Camila da Cunha,dporto@sales.br,150.869.723-02
274,Fernando Gomes,erickjesus@viana.com,067.529.481-94
275,Luiza Campos,limaana-clara@gmail.com,165.027.389-40
276,Isis Cunha,joaquimmoreira@da.com,473.018.562-53
277,Brenda da Mota,araujoheloisa@hotmail.com,365.712.890-59
278,Luiza Porto,lnascimento@santos.net,940.516.837-10
279,Diego Carvalho,kmartins@hotmail.com,693.014.582-33
280,Alexandre Rocha,ealves@ig.com.br,065.243.978-00
281,Eduarda Correia,ana-beatrizduarte@lima.br,506.823.947-00
282,Otávio da Mata,emanuellyda-luz@barbosa.br,620.897.134-96
283,Sabrina Carvalho,da-conceicaopedro-miguel@fogaca.br,198.027.345-60
284,Carolina Santos,pnunes@uol.com.br,526.780.913-68
285,Vitor Hugo Mendes,camila22@da.br,698.312.504-51
286,Marina Nogueira,alicia76@uol.com.br,825.467.931-28
287,Davi Lucca Nunes,aragaovitoria@yahoo.com.br,315.498.072-50
288,Ana Julia da Conceição,augusto88@sales.com,032.895.467-56
289,Francisco Sales,zda-mota@bol.com.br,039.142.758-04
290,Caio Cunha,ana-juliadias@ig.com.br,416.508.927-30
291,Beatriz Almeida,ramosjoao-miguel@ferreira.br,592.746.083-65
292,Gustavo Henrique Oliveira,luiz-felipemoreira@ig.com.br,481.796.250-01
293,Emanuel Martins,tfreitas@novaes.com,094.827.156-67
294,Miguel Campos,valentinasouza@yahoo.com.br,684.293.057-00
295,Juan da Cunha,rnascimento@gmail.com,167.453.280-62
296,Beatriz Farias,isis98@da.com,365.947.082-10
297,Eduarda Sales,marcelateixeira@gmail.com,372.086.149-03
298,Srta. Elisa Dias,isaac30@lopes.br,419.852.307-04
299,Emilly Monteiro,meloana-carolina@uol.com.br,214.958.063-24
300,Heloísa Duarte,tcardoso@martins.net,946.758.302-00
301,Mariana Monteiro,luiz-otaviosales@yahoo.com.br,241.875.369-73
302,Sr. Rodrigo Moura,speixoto@bol.com.br,946.372.108-87
303,Alícia Monteiro,souzavicente@ig.com.br,631.947.820-96
304,Mariana Nunes,pedro-lucascostela@bol.com.br,240.687.593-83
305,Sra. Fernanda Santos,gabriela21@costela.com,368.047.215-35
306,Beatriz Ramos,juliafreitas@hotmail.com,256.718.049-49
307,Agatha da Conceição,carolinecastro@pires.br,871.524.960-30
308,Lívia da Rocha,cavalcantiyago@ribeiro.br,037.215.469-70
309,Dr. Pietro Vieira,gomesbenicio@uol.com.br,485.061.793-00
310,Dr. Pedro Miguel Fernandes,csilva@da.br,864.572.019-11
311,Nicolas Costa,correiaalexia@uol.com.br,258.403.169-89
312,Marcela Gomes,jbarros@souza.com,107.598.426-20
313,Luiz Fernando Castro,maria-luizateixeira@novaes.org,146.709.528-11
314,Dra. Camila Silva,qda-rosa@da.net,062.341.975-07
315,Rebeca Lima,ana-julia14@uol.com.br,650.729.341-52
316,Ana Luiza Rezende,bryanpereira@hotmail.com,479.325.081-50
317,Helena Farias,lucas-gabrielmoreira@alves.com,513.827.609-30
318,Heitor Costa,vieiramarcos-vinicius@almeida.br,972.648.031-04
319,Pietro da Luz,fcardoso@da.com,654.237.801-44
320,Vinicius da Cunha,obarbosa@viana.com,257.640.198-85
321,Clarice Teixeira,maria-juliaporto@correia.net,128.495.367-09
322,Rafaela Pereira,elisa23@nascimento.br,472.908.316-40
323,Lucas Martins,lunaramos@mendes.br,408.716.395-48
324,Emanuella Rocha,olivia58@silva.br,169.053.478-84
325,Benjamin Araújo,levi29@pereira.br,763.501.928-77
326,Dr. Levi Cardoso,joao-lucas94@cardoso.net,261.870.345-62
327,Pietra Martins,emanuelgomes@yahoo.com.br,709.324.685-00
328,Cauã Vieira,yago22@peixoto.com,785.341.602-44
329,Emanuelly da Cunha,goncalvesgiovanna@ramos.com,563.791.820-12
330,Paulo Silva,tda-rocha@cavalcanti.com,257.814.603-90
331,Maitê Almeida,bbarros@yahoo.com.br,532.784.160-07
332,Maria Vitória Correia,vieiranatalia@da.com,948.176.352-82
333,Samuel Moraes,enzomonteiro@gmail.com,903.871.524-23
334,Marina Monteiro,tmonteiro@nunes.br,493.105.876-01
335,Raquel Caldeira,rcosta@da.br,019.482.635-05
336,Sra. Raquel Gonçalves,daraujo@correia.org,193.540.672-80
337,Eduarda Moura,ninada-costa@bol.com.br,892.730.145-50
338,Dr. Levi Rocha,pietrocostela@hotmail.com,562.149.308-70
339,Renan Rezende,ana-carolinacarvalho@ig.com.br,936.841.527-73
340,Júlia Rocha,joao-miguelramos@yahoo.com.br,054.178.632-62
341,João Vitor Duarte,gcavalcanti@bol.com.br,079.132.684-50
342,Leandro Peixoto,luiz-miguel16@gomes.br,672.834.159-55
343,Ana Carolina Monteiro,sophiemoura@moura.org,289.613.507-30
344,Arthur Gomes,ferreiraleonardo@duarte.com,150.972.368-40
345,Erick da Paz,levi08@jesus.net,201.896.574-30
346,Caio Barros,ana-livia25@gmail.com,675.830.941-00
347,Dra. Alice Moura,csales@ig.com.br,231.840.967-69
348,Dr. Eduardo das Neves,barbosaigor@bol.com.br,016.839.724-22
349,João Miguel Correia,clara60@hotmail.com,285.167.430-71
350,Agatha Mendes,fogacakaique@martins.com,314.627.950-99
351,Laura da Cruz,castrocaua@nogueira.br,879.032.456-00
352,Isadora Nunes,maria-eduarda46@cardoso.com,370.614.852-80
353,Isabel Rodrigues,da-luzfelipe@da.com,591.023.468-42
354,Leonardo Pires,stellapeixoto@hotmail.com,750.982.163-03
355,Luiz Henrique Freitas,juliacardoso@bol.com.br,689.354.072-83
356,Sr. Henrique Rezende,guilherme83@farias.com,437.592.816-64
357,Elisa Pires,afernandes@bol.com.br,962.758.304-92
358,Dr. Alexandre Pereira,luiz-henrique06@fogaca.com,276.149.038-03
359,Fernanda Costa,juanpeixoto@silva.br,539.410.268-60
360,Dra. Lara Freitas,da-rochahelena@yahoo.com.br,184.075.932-14
361,Francisco da Conceição,kaique49@novaes.br,218.467.593-82
362,Luigi Aragão,vitoriaoliveira@bol.com.br,078.536.412-90
363,Eduarda Almeida,joana33@bol.com.br,357.469.108-48
364,Larissa Silveira,benjamincaldeira@da.br,320.546.918-60
365,Lorena Moreira,vitor-hugodias@cavalcanti.com,976.513.208-59
366,Sra. Lorena Nunes,francisco70@novaes.net,648.710.932-04
367,Ana Beatriz Lima,oramos@gmail.com,807.935.621-12
368,Fernando Carvalho,laura48@moreira.br,253.694.081-06
369,João Moraes,onovaes@rezende.com,431.075.926-25
370,João Pedro Rocha,noah21@ig.com.br,829.651.470-20
371,Julia Nascimento,ana-sophiafreitas@cardoso.br,758.946.310-84
372,Ana Carolina Costa,barbosaanthony@yahoo.com.br,417.895.603-57
373,Alexandre Gomes,fernandesgustavo-henrique@ramos.br,651.074.328-08
374,Beatriz Barbosa,sda-mata@da.net,072.943.165-70
375,João Felipe Farias,joao-guilhermecunha@bol.com.br,763.495.210-99
376,Ryan das Neves,camposmarcos-vinicius@hotmail.com,627.105.348-35
377,Vitor Gabriel Cardoso,sda-costa@lopes.net,160.457.392-99
378,Luna Fernandes,portomarina@bol.com.br,923.075.461-70
379,Giovanna Jesus,laura88@uol.com.br,768.129.435-09
380,João Guilherme Pires,xcunha@uol.com.br,398.624.750-56
381,Ana Laura Lopes,heitor55@bol.com.br,289.671.530-40
382,Gustavo Henrique Viana,raquel07@dias.com,893.072.514-79
383,Daniela Rodrigues,wda-paz@peixoto.com,108.569.723-12
384,Isabella Peixoto,nicolasporto@ig.com.br,853.426.197-00
385,Daniel Melo,kamillyaraujo@peixoto.net,713.428.650-90
386,Juliana Carvalho,diasraquel@bol.com.br,614.079.825-67
387,Maria Alice Nogueira,fernandesjulia@yahoo.com.br,419.683.572-46
388,Ana Júlia Cavalcanti,ribeirothales@uol.com.br,059.231.678-59
389,Vitória Moreira,joao-guilhermecavalcanti@uol.com.br,564.079.382-10
390,Nicole Ferreira,leandrorezende@santos.br,694.103.785-75
391,Stella Porto,ralves@monteiro.com,972.304.186-31
392,Maria Julia da Conceição,cunhayago@uol.com.br,089.562.314-51
393,Nicole da Costa,ucaldeira@da.br,596.417.028-58
394,Sra. Elisa Souza,da-luzana-luiza@silveira.net,346.280.517-71
395,Lorenzo Costela,ferreiramaria-luiza@aragao.org,601.895.347-10
396,Pietro Cavalcanti,ldas-neves@porto.br,372.496.501-06
397,Pedro Lucas da Costa,jmoraes@ig.com.br,531.278.649-73
398,Theo Barros,valentinagomes@uol.com.br,406.189.253-33
399,Murilo Mendes,joaquimaragao@moreira.org,563.428.071-08
400,Alexia da Costa,tbarros@ig.com.br,701.846.592-30
401,Sr. Theo Moreira,pereirayuri@da.br,916.702.358-40
402,Sr. Antônio Santos,maria-claramartins@da.com,318.475.029-97
403,Maria Cecília Rodrigues,wda-paz@silveira.net,568.429.103-15
404,Calebe Teixeira,maysa23@dias.br,185.432.607-44
405,Erick da Rosa,ida-rocha@almeida.br,508.219.763-03
406,Vitória da Mata,camposeloah@rezende.com,316.894.572-28
407,Emilly Cunha,jgomes@moura.com,028.791.435-60
408,Luiz Gustavo Dias,santosfernando@farias.com,284.961.053-42
409,Davi Lucas Novaes,jesusgustavo@ig.com.br,102.365.849-60
410,Carolina Farias,ana-julia92@yahoo.com.br,812.365.409-05
411,Breno Ribeiro,portootavio@mendes.br,902.678.145-85
412,Caroline Moreira,umoraes@hotmail.com,491.628.703-78
413,Heloísa Fernandes,lucaspereira@costa.br,142.379.806-69
414,Davi Lucas da Rosa,valentinavieira@cardoso.com,536.427.891-37
415,Pietro Ramos,olivia57@araujo.br,564.703.821-26
416,Paulo Mendes,sophiamoura@bol.com.br,896.135.704-20
417,Danilo Lopes,hsilva@ig.com.br,867.354.290-10
418,Alícia Lopes,maitesilveira@uol.com.br,368.592.471-00
419,Sophia Souza,isabel47@araujo.br,579.218.630-86
420,Pedro Miguel da Mata,lorenzo06@bol.com.br,465.038.921-60
421,Eduarda Barbosa,alvesgabriela@jesus.com,726.581.309-02
422,Stephany Costela,fariasgiovanna@melo.com,931.250.467-34
423,Dr. Nicolas Nunes,castroaugusto@ig.com.br,219.678.304-87
424,Mariana Ribeiro,evelyncampos@gmail.com,380.429.617-31
425,Dr. Isaac Cunha,gabriela39@bol.com.br,412.587.369-00
426,Augusto Santos,azevedomaria-julia@melo.com,971.840.263-22
427,Pedro Rezende,luiz-miguel92@moura.br,817.395.604-93
428,Luna Rezende,ana-julia59@ramos.br,142.638.970-13
429,Evelyn da Costa,costaana@dias.com,043.895.617-66
430,Dr. Marcos Vinicius Jesus,matheus46@bol.com.br,901.425.867-49
431,Sr. Isaac da Conceição,bernardomoura@uol.com.br,703.265.894-65
432,João Pedro Carvalho,martinsmariana@barbosa.br,589.710.364-00
433,Fernanda Azevedo,clarice19@hotmail.com,682.530.417-80
434,Dr. Thomas Nascimento,silvadavi-lucca@hotmail.com,328.519.670-02
435,Vinicius Cunha,julianada-conceicao@cunha.br,790.245.861-94
436,Lara Ribeiro,xda-paz@bol.com.br,639.851.402-51
437,Alexandre Farias,rezendeisabel@ig.com.br,371.089.254-60
438,Esther Alves,ulopes@hotmail.com,453.607.192-06
439,Sr. Davi Lucca Peixoto,mariane01@gmail.com,604.819.752-76
440,Ana Beatriz Jesus,das-nevesevelyn@yahoo.com.br,735.026.481-07
441,João Gabriel Pinto,bmoura@ig.com.br,681.720.593-02
442,Amanda Ramos,salesisabelly@bol.com.br,946.827.315-64
443,Bianca Costa,wcarvalho@costa.com,970.518.263-95
444,Sr. Bruno Castro,gomeshelena@rocha.br,708.564.319-66
445,Danilo Vieira,umoraes@da.br,270.843.965-00
446,Enzo Souza,maria-eduardacunha@mendes.com,640.372.851-26
447,Carlos Eduardo da Costa,giovannarodrigues@hotmail.com,196.582.374-28
448,Marina Moreira,augusto86@moura.br,125.493.876-19
449,Joana Silveira,bpereira@gmail.com,049.325.816-70
450,Felipe Duarte,joao-pedro58@correia.com,512.394.768-09
